"Data Source","World Development Indicators",

"Last Updated Date","2026-07-13",

"Country Name","Country Code","Indicator Name","Indicator Code","1960","1961","1962","1963","1964","1965","1966","1967","1968","1969","1970","1971","1972","1973","1974","1975","1976","1977","1978","1979","1980","1981","1982","1983","1984","1985","1986","1987","1988","1989","1990","1991","1992","1993","1994","1995","1996","1997","1998","1999","2000","2001","2002","2003","2004","2005","2006","2007","2008","2009","2010","2011","2012","2013","2014","2015","2016","2017","2018","2019","2020","2021","2022","2023","2024","2025",
"Aruba","ABW","Proportion of people living below 50 percent of median income (%)","SI.DST.50MD","","","","","","","","","","","","","","","","","","","","","","","","","","","","","","","","","","","","","","","","","","","","","","","","","","","","","","","","","","","","","","","","","","",
"Africa Eastern and Southern","AFE","Proportion of people living below 50 percent of median income (%)","SI.DST.50MD","","","","","","","","","","","","","","","","","","","","","","","","","","","","","","","","","","","","","","","","","","","","","","","","","","","","","","","","","","","","","","","","","","",
"Afghanistan","AFG","Proportion of people living below 50 percent of median income (%)","SI.DST.50MD","","","","","","","","","","","","","","","","","","","","","","","","","","","","","","","","","","","","","","","","","","","","","","","","","","","","","","","","","","","","","","","","","","",
"Africa Western and Central","AFW","Proportion of people living below 50 percent of median income (%)","SI.DST.50MD","","","","","","","","","","","","","","","","","","","","","","","","","","","","","","","","","","","","","","","","","","","","","","","","","","","","","","","","","","","","","","","","","","",
"Angola","AGO","Proportion of people living below 50 percent of median income (%)","SI.DST.50MD","","","","","","","","","","","","","","","","","","","","","","","","","","","","","","","","","","","","","","","","","23.4","","","","","","","","17.2","","","","","","","","","","22.8","","","","","","","",
"Albania","ALB","Proportion of people living below 50 percent of median income (%)","SI.DST.50MD","","","","","","","","","","","","","","","","","","","","","","","","","","","","","","","","","","","","","7.5","","","","","","8.4","","","9","","","7.2","","","","7.8","","14.3","10.8","12.8","11.7","11.7","8.6","9.6","","","","","",
"Andorra","AND","Proportion of people living below 50 percent of median income (%)","SI.DST.50MD","","","","","","","","","","","","","","","","","","","","","","","","","","","","","","","","","","","","","","","","","","","","","","","","","","","","","","","","","","","","","","","","","","",
"Arab World","ARB","Proportion of people living below 50 percent of median income (%)","SI.DST.50MD","","","","","","","","","","","","","","","","","","","","","","","","","","","","","","","","","","","","","","","","","","","","","","","","","","","","","","","","","","","","","","","","","","",
"United Arab Emirates","ARE","Proportion of people living below 50 percent of median income (%)","SI.DST.50MD","","","","","","","","","","","","","","","","","","","","","","","","","","","","","","","","","","","","","","","","","","","","","","","","","","","","","","19.3","","","","","11.4","","","","","","","",
"Argentina","ARG","Proportion of people living below 50 percent of median income (%)","SI.DST.50MD","","","","","","","","","","","","","","","","","","","","","19.4","","","","","","17.9","18.7","","","","17.2","19.6","20.1","20.7","21.2","22.6","22.2","23","22.5","24.5","25.1","25.9","24.6","24.2","23.6","23","23.3","21.9","22.2","21.7","20.8","20.2","20.2","20.3","","20.8","19.6","20.1","21.3","20.9","19.1","18.4","20.1","19.6","",
"Armenia","ARM","Proportion of people living below 50 percent of median income (%)","SI.DST.50MD","","","","","","","","","","","","","","","","","","","","","","","","","","","","","","","","","","","","","17.2","","","9.3","","9.4","7.3","6.3","8.1","6.9","7","8.2","6.4","5.7","6.1","6.5","7.3","8","8.4","8.9","11.7","6.9","7.8","7.3","4.5","6.3","6.9","6.4","6.2","",
"American Samoa","ASM","Proportion of people living below 50 percent of median income (%)","SI.DST.50MD","","","","","","","","","","","","","","","","","","","","","","","","","","","","","","","","","","","","","","","","","","","","","","","","","","","","","","","","","","","","","","","","","","",
"Antigua and Barbuda","ATG","Proportion of people living below 50 percent of median income (%)","SI.DST.50MD","","","","","","","","","","","","","","","","","","","","","","","","","","","","","","","","","","","","","","","","","","","","","","","","","","","","","","","","","","","","","","","","","","",
"Australia","AUS","Proportion of people living below 50 percent of median income (%)","SI.DST.50MD","","","","","","","","","","","","","","","","","","","","","","10.5","","","","10.7","","","","11.2","","","","","","10.2","","","","","","10.2","","10.3","9.6","","","","10.2","","10.5","","","","9.8","","10.7","","11.7","","11.3","","","","","",
"Austria","AUT","Proportion of people living below 50 percent of median income (%)","SI.DST.50MD","","","","","","","","","","","","","","","","","","","","","","","","","","","","","","","","","","","9","9.6","8.5","9.2","8.6","7.9","8","","","8.8","8.5","7.9","8.1","10","10.4","11.3","10.4","10.1","10.7","9.6","10.5","11.3","10.7","10.7","10.2","10.5","11","11.5","11.2","11","","",
"Azerbaijan","AZE","Proportion of people living below 50 percent of median income (%)","SI.DST.50MD","","","","","","","","","","","","","","","","","","","","","","","","","","","","","","","","","","","","12.5","","","","","","9.5","1.9","3.1","1","0.9","","","","","","","","","","","","","","","","","","","","",
"Burundi","BDI","Proportion of people living below 50 percent of median income (%)","SI.DST.50MD","","","","","","","","","","","","","","","","","","","","","","","","","","","","","","","","","10.7","","","","","","17.4","","","","","","","","3","","","","","","","11.2","","","","","","","11.4","","","","","",
"Belgium","BEL","Proportion of people living below 50 percent of median income (%)","SI.DST.50MD","","","","","","","","","","","","","","","","","","","","","","","","","","5.8","","","6.7","","","","7","","","8.3","","7.8","","","7","","","9.3","9.1","8.5","9.1","9.1","8.8","9.4","9.6","10.2","9.1","10.1","9.7","10.5","10.3","9.9","9.6","8.6","7.9","8.1","7.6","8.3","","",
"Benin","BEN","Proportion of people living below 50 percent of median income (%)","SI.DST.50MD","","","","","","","","","","","","","","","","","","","","","","","","","","","","","","","","","","","","","","","","","","","","10.9","","","","","","","","11.7","","","","20.1","","","11.1","","","10.5","","","","",
"Burkina Faso","BFA","Proportion of people living below 50 percent of median income (%)","SI.DST.50MD","","","","","","","","","","","","","","","","","","","","","","","","","","","","","","","","","","","11.4","","","","13.7","","","","","13.4","","","","","","11.6","","","","","5.3","","","","11.4","","","10.5","","","","",
"Bangladesh","BGD","Proportion of people living below 50 percent of median income (%)","SI.DST.50MD","","","","","","","","","","","","","","","","","","","","","","","","6.8","","3.5","","","5.4","","","5.5","","","","5.1","","","","","5.2","","","","","4.3","","","","","5.1","","","","","","6.2","","","","","","6.8","","","",
"Bulgaria","BGR","Proportion of people living below 50 percent of median income (%)","SI.DST.50MD","","","","","","","","","","","","","","","","","","","","","","","","","","","","","","4.8","","","10.3","","5.6","9.7","","3.4","","","","13.6","","8.5","","","15.8","13.2","12.6","13.9","15.1","14.1","14.9","16","14.9","16.3","15.7","15.3","14.1","15.1","13","13.5","13.3","14.6","","",
"Bahrain","BHR","Proportion of people living below 50 percent of median income (%)","SI.DST.50MD","","","","","","","","","","","","","","","","","","","","","","","","","","","","","","","","","","","","","","","","","","","","","","","","","","","","","","","","","","","","","","","","","","",
"Bahamas, The","BHS","Proportion of people living below 50 percent of median income (%)","SI.DST.50MD","","","","","","","","","","","","","","","","","","","","","","","","","","","","","","","","","","","","","","","","","","","","","","","","","","","","","","","","","","","","","","","","","","",
"Bosnia and Herzegovina","BIH","Proportion of people living below 50 percent of median income (%)","SI.DST.50MD","","","","","","","","","","","","","","","","","","","","","","","","","","","","","","","","","","","","","","","","","","7.7","","","11.7","","","13.6","","","","12.6","","","","12.4","","","","","","10","","","","",
"Belarus","BLR","Proportion of people living below 50 percent of median income (%)","SI.DST.50MD","","","","","","","","","","","","","","","","","","","","","","","","","","","","","","","","","","3.3","","10.6","","","10.7","12.2","11.1","10.1","9.7","9.3","7.5","8.8","9.3","8.7","8.5","7.9","8.5","8.1","7.1","6.6","6.8","6.2","5.9","5.2","5.2","5.5","3.9","","","","","",
"Belize","BLZ","Proportion of people living below 50 percent of median income (%)","SI.DST.50MD","","","","","","","","","","","","","","","","","","","","","","","","","","","","","","","","","","19.9","18.1","27.3","18.3","20.9","20.7","20.5","","","","","","","","","","","","","","","","","","","16","","","","","","","",
"Bermuda","BMU","Proportion of people living below 50 percent of median income (%)","SI.DST.50MD","","","","","","","","","","","","","","","","","","","","","","","","","","","","","","","","","","","","","","","","","","","","","","","","","","","","","","","","","","","","","","","","","","",
"Bolivia","BOL","Proportion of people living below 50 percent of median income (%)","SI.DST.50MD","","","","","","","","","","","","","","","","","","","","","","","","","","","","","","","","","","","","","","26.3","","30.3","29.6","27.1","27.9","","21.9","26.2","25.5","24.3","22.9","23.2","","21.9","22.9","22.7","21.6","21.3","22.2","21.8","20.1","17.8","18","17.4","18.1","17.1","17.8","",
"Brazil","BRA","Proportion of people living below 50 percent of median income (%)","SI.DST.50MD","","","","","","","","","","","","","","","","","","","","","","24.6","25","24.4","24.1","24.5","24.4","25.8","26.5","26.4","25.9","","25.4","25.2","","24.2","26.5","26.5","25","25.2","","25.9","25.3","25.3","24.5","24.3","23.6","24.2","23.5","23.4","","22.9","22.7","22.5","22.3","22.4","23.1","23.1","23.6","24","18.2","22.2","22","21.9","21.2","",
"Barbados","BRB","Proportion of people living below 50 percent of median income (%)","SI.DST.50MD","","","","","","","","","","","","","","","","","","","","","","","","","","","","","","","","","","","","","","","","","","","","","","","","","","","","","","","","","13.5","","","","","","","","","",
"Brunei Darussalam","BRN","Proportion of people living below 50 percent of median income (%)","SI.DST.50MD","","","","","","","","","","","","","","","","","","","","","","","","","","","","","","","","","","","","","","","","","","","","","","","","","","","","","","","","","","","","","","","","","","",
"Bhutan","BTN","Proportion of people living below 50 percent of median income (%)","SI.DST.50MD","","","","","","","","","","","","","","","","","","","","","","","","","","","","","","","","","","","","","","","","","","","","12.5","","","","13.7","","","","","12.3","","","","","13.8","","","","","8.8","","","",
"Botswana","BWA","Proportion of people living below 50 percent of median income (%)","SI.DST.50MD","","","","","","","","","","","","","","","","","","","","","","","","","","23.4","","","","","","","","23.4","","","","","","","","","22","","","","","","","21.5","","","","","","20.4","","","","","","","","","","",
"Central African Republic","CAF","Proportion of people living below 50 percent of median income (%)","SI.DST.50MD","","","","","","","","","","","","","","","","","","","","","","","","","","","","","","","","","28.8","","","","","","","","","","","","","","","","22.2","","","","","","","","","","","","","15.3","","","","",
"Canada","CAN","Proportion of people living below 50 percent of median income (%)","SI.DST.50MD","","","","","","","","","","","","16.2","","14.8","","13.7","","13.9","","13.5","","12.6","12.9","","13.7","13.3","12.2","12.1","11.1","11.2","12.1","12.6","12.5","12.6","12.1","12.7","13.2","12.7","12.9","13.5","13.3","13.3","13.3","14","13.7","13.2","12.8","12.5","13.5","13.2","13.1","12.2","14.1","14.6","13.6","13.8","12.8","13.1","12.1","11.3","8.9","9.9","10.9","","","",
"Central Europe and the Baltics","CEB","Proportion of people living below 50 percent of median income (%)","SI.DST.50MD","","","","","","","","","","","","","","","","","","","","","","","","","","","","","","","","","","","","","","","","","","","","","","","","","","","","","","","","","","","","","","","","","","",
"Switzerland","CHE","Proportion of people living below 50 percent of median income (%)","SI.DST.50MD","","","","","","","","","","","","","","","","","","","","","","","9.1","","","","","","","","","","10","","","","","","","","9.1","","9.4","","8.7","","11.2","11.3","11.3","10","11","10.4","9.5","10","10.4","10.9","11.1","10.9","11.2","11.1","10.4","11.2","11.9","","","",
"Channel Islands","CHI","Proportion of people living below 50 percent of median income (%)","SI.DST.50MD","","","","","","","","","","","","","","","","","","","","","","","","","","","","","","","","","","","","","","","","","","","","","","","","","","","","","","","","","","","","","","","","","","",
"Chile","CHL","Proportion of people living below 50 percent of median income (%)","SI.DST.50MD","","","","","","","","","","","","","","","","","","","","","","","","","","","","20.8","","","20.3","","18.8","","20.3","","19.6","","20.4","","19.3","","","19.5","","","16.6","","","15.2","","14.6","","14","","13.9","","13.9","","","15.5","","14","","13.9","",
"China","CHN","Proportion of people living below 50 percent of median income (%)","SI.DST.50MD","","","","","","","","","","","","","","","","","","","","","","8.7","","","9","","","11.2","","","8.8","","","9.5","","","12","","","14","","","16.9","","","16","","","18.8","","19.5","17.7","18.1","15.1","15.4","14.7","14.4","14.8","14.4","13.5","11.7","11.4","12","","","",
"Cote d'Ivoire","CIV","Proportion of people living below 50 percent of median income (%)","SI.DST.50MD","","","","","","","","","","","","","","","","","","","","","","","","","","17.4","11.3","13.7","12.6","","","","16","","","12.8","","","14.3","","","","13","","","","","","17.4","","","","","","","15.4","","","12.1","","","10.1","","","","",
"Cameroon","CMR","Proportion of people living below 50 percent of median income (%)","SI.DST.50MD","","","","","","","","","","","","","","","","","","","","","","","","","","","","","","","","","","","","","11.1","","","","","13.3","","","","","","15.8","","","","","","","21.7","","","","","","","18.8","","","","",
"Congo, Dem. Rep.","COD","Proportion of people living below 50 percent of median income (%)","SI.DST.50MD","","","","","","","","","","","","","","","","","","","","","","","","","","","","","","","","","","","","","","","","","","","","","15.9","","","","","","","","16.6","","","","","","","","15.2","","","","","",
"Congo, Rep.","COG","Proportion of people living below 50 percent of median income (%)","SI.DST.50MD","","","","","","","","","","","","","","","","","","","","","","","","","","","","","","","","","","","","","","","","","","","","","","17.7","","","","","","21.5","","","","","","","","","","","","","","",
"Colombia","COL","Proportion of people living below 50 percent of median income (%)","SI.DST.50MD","","","","","","","","","","","","","","","","","","","","","","","","","","","","","","","","","19.9","","","","22.8","","","24.5","22.7","22.7","21.7","20.8","20.3","20.5","","","23.2","22.4","22.2","21.6","23.4","23.2","23.6","23.1","22.7","22.5","22.8","23.6","24.5","21.9","21.7","22.2","22.7","",
"Comoros","COM","Proportion of people living below 50 percent of median income (%)","SI.DST.50MD","","","","","","","","","","","","","","","","","","","","","","","","","","","","","","","","","","","","","","","","","","","","","17.3","","","","","","","","","","19.2","","","","","","8.2","","","","6.5","",
"Cabo Verde","CPV","Proportion of people living below 50 percent of median income (%)","SI.DST.50MD","","","","","","","","","","","","","","","","","","","","","","","","","","","","","","","","","","","","","","","","","","19.3","","","","","","17.2","","","","","","","","15.8","","","","","","","","","","",
"Costa Rica","CRI","Proportion of people living below 50 percent of median income (%)","SI.DST.50MD","","","","","","","","","","","","","","","","","","","","","","25.1","","","","","19.6","","","21.2","21","22.2","20.5","20.1","19.7","20.1","20.4","20.1","19.6","20.2","20.7","20.9","20.7","21.6","20","19.6","19.3","18.5","18.6","20.2","18.3","20.3","19.8","19.6","19.7","18.6","19.5","18.7","19.3","19.1","20.3","19.6","18.7","19.5","19.9","20",
"Caribbean small states","CSS","Proportion of people living below 50 percent of median income (%)","SI.DST.50MD","","","","","","","","","","","","","","","","","","","","","","","","","","","","","","","","","","","","","","","","","","","","","","","","","","","","","","","","","","","","","","","","","","",
"Cuba","CUB","Proportion of people living below 50 percent of median income (%)","SI.DST.50MD","","","","","","","","","","","","","","","","","","","","","","","","","","","","","","","","","","","","","","","","","","","","","","","","","","","","","","","","","","","","","","","","","","",
"Curacao","CUW","Proportion of people living below 50 percent of median income (%)","SI.DST.50MD","","","","","","","","","","","","","","","","","","","","","","","","","","","","","","","","","","","","","","","","","","","","","","","","","","","","","","","","","","","","","","","","","","",
"Cayman Islands","CYM","Proportion of people living below 50 percent of median income (%)","SI.DST.50MD","","","","","","","","","","","","","","","","","","","","","","","","","","","","","","","","","","","","","","","","","","","","","","","","","","","","","","","","","","","","","","","","","","",
"Cyprus","CYP","Proportion of people living below 50 percent of median income (%)","SI.DST.50MD","","","","","","","","","","","","","","","","","","","","","","","","","","","","","","","","","","","","","","","","","","","","","7","5.9","6.6","7.4","7.8","7.2","7.2","7.2","8.4","7.9","9.7","10.1","8.2","8.5","7.5","7.7","7.1","7.9","7","7.5","","",
"Czechia","CZE","Proportion of people living below 50 percent of median income (%)","SI.DST.50MD","","","","","","","","","","","","","","","","","","","","","","","","","","","","","","","","","2.1","0","","","5.6","","","","","","7.1","","7.9","7.7","7","5.9","5.8","6.2","7.1","7.6","6.3","7","6.1","6.5","5.4","4.7","4.9","4.7","5.6","5.7","6.5","7","","",
"Germany","DEU","Proportion of people living below 50 percent of median income (%)","SI.DST.50MD","","","","","","","","","","","","","","","","","","","","","","","","","","","","","","","","7.2","7","6.5","9.3","9","7.5","7.9","7.9","7.8","7.8","8.1","7.9","8.2","8.5","8.7","8.6","8.2","8.6","9.2","8.8","8.5","9.7","9.5","10.6","10.5","10.7","10.6","10.6","11","10.9","11.6","12.5","","","",
"Djibouti","DJI","Proportion of people living below 50 percent of median income (%)","SI.DST.50MD","","","","","","","","","","","","","","","","","","","","","","","","","","","","","","","","","","","","","","","","","","","15.3","","","","","","","","","","19","18.9","","","","17.1","","","","","","","","",
"Dominica","DMA","Proportion of people living below 50 percent of median income (%)","SI.DST.50MD","","","","","","","","","","","","","","","","","","","","","","","","","","","","","","","","","","","","","","","","","","","","","","","","","","","","","","","","","","","","","","","","","","",
"Denmark","DNK","Proportion of people living below 50 percent of median income (%)","SI.DST.50MD","","","","","","","","","","","","","","","","","","","","","","","","","","","","6","","","","","6.3","","","4.1","","","","","4.5","","","5.7","5.8","5.9","5.7","5.4","5.7","6.9","7","6.4","6.2","6.7","6.8","5.9","6.7","6.9","6.6","5.9","6.8","7.2","6.2","6.6","","",
"Dominican Republic","DOM","Proportion of people living below 50 percent of median income (%)","SI.DST.50MD","","","","","","","","","","","","","","","","","","","","","","","","","","","22.6","","","21.5","","","18.9","","","","19.9","21.3","","","20.8","20.7","21.2","20.4","20.3","20.2","20.7","19.4","18.8","18.9","19.4","17.5","17.4","17.8","17.8","17.6","18.6","14.2","14.2","14.2","13.6","12.9","14.3","14.9","15.3","",
"Algeria","DZA","Proportion of people living below 50 percent of median income (%)","SI.DST.50MD","","","","","","","","","","","","","","","","","","","","","","","","","","","","","13.9","","","","","","","14.5","","","","","","","","","","","","","","","","7.1","","","","","","","","","","","","","","",
"East Asia & Pacific (excluding high income)","EAP","Proportion of people living below 50 percent of median income (%)","SI.DST.50MD","","","","","","","","","","","","","","","","","","","","","","","","","","","","","","","","","","","","","","","","","","","","","","","","","","","","","","","","","","","","","","","","","","",
"Early-demographic dividend","EAR","Proportion of people living below 50 percent of median income (%)","SI.DST.50MD","","","","","","","","","","","","","","","","","","","","","","","","","","","","","","","","","","","","","","","","","","","","","","","","","","","","","","","","","","","","","","","","","","",
"East Asia & Pacific","EAS","Proportion of people living below 50 percent of median income (%)","SI.DST.50MD","","","","","","","","","","","","","","","","","","","","","","","","","","","","","","","","","","","","","","","","","","","","","","","","","","","","","","","","","","","","","","","","","","",
"Europe & Central Asia (excluding high income)","ECA","Proportion of people living below 50 percent of median income (%)","SI.DST.50MD","","","","","","","","","","","","","","","","","","","","","","","","","","","","","","","","","","","","","","","","","","","","","","","","","","","","","","","","","","","","","","","","","","",
"Europe & Central Asia","ECS","Proportion of people living below 50 percent of median income (%)","SI.DST.50MD","","","","","","","","","","","","","","","","","","","","","","","","","","","","","","","","","","","","","","","","","","","","","","","","","","","","","","","","","","","","","","","","","","",
"Ecuador","ECU","Proportion of people living below 50 percent of median income (%)","SI.DST.50MD","","","","","","","","","","","","","","","","","","","","","","","","","","","","","","","","","","","21.1","","","","","23","22.3","","","22.4","22.2","22.9","21.1","21","21.4","20","20.2","19.6","21.2","19.6","18.7","19","18.5","19.1","19.2","20.3","20.1","18.4","19.8","19","22","18.1",
"Egypt, Arab Rep.","EGY","Proportion of people living below 50 percent of median income (%)","SI.DST.50MD","","","","","","","","","","","","","","","","","","","","","","","","","","","","","","","6.9","","","","","2.8","","","","4.4","","","","","5","","","","4.9","","4.4","","3.8","","","4.7","","5.3","","5.1","","4.4","","","","",
"Euro area","EMU","Proportion of people living below 50 percent of median income (%)","SI.DST.50MD","","","","","","","","","","","","","","","","","","","","","","","","","","","","","","","","","","","","","","","","","","","","","","","","","","","","","","","","","","","","","","","","","","",
"Eritrea","ERI","Proportion of people living below 50 percent of median income (%)","SI.DST.50MD","","","","","","","","","","","","","","","","","","","","","","","","","","","","","","","","","","","","","","","","","","","","","","","","","","","","","","","","","","","","","","","","","","",
"Spain","ESP","Proportion of people living below 50 percent of median income (%)","SI.DST.50MD","","","","","","","","","","","","","","","","","","","","","13.2","","","","","12","","","","","11.1","","","14.1","14.9","13.9","15.5","14","14.4","12.5","13.2","","","13.2","13.1","13","14","13.9","14.8","15","14.7","15.8","15.9","17.8","17.3","17.4","16.9","16.1","15.7","15.9","16.5","15.4","14.6","14.9","","",
"Estonia","EST","Proportion of people living below 50 percent of median income (%)","SI.DST.50MD","","","","","","","","","","","","","","","","","","","","","","","","","","","","","","","","","","14.8","","12.2","","","13.1","","13","11.9","12.7","13.5","11.3","10.7","10.2","9.2","10","10.7","12.5","11","10.8","11.9","10.8","10.6","9.8","9.6","9.9","9.3","9.2","8.7","10.1","8.7","","",
"Ethiopia","ETH","Proportion of people living below 50 percent of median income (%)","SI.DST.50MD","","","","","","","","","","","","","","","","","","","","","","","","","","","","","","","","","","","","10.4","","","","6.1","","","","","5.2","","","","","","9.4","","","","","12.4","","","","","","8.9","","","","",
"European Union","EUU","Proportion of people living below 50 percent of median income (%)","SI.DST.50MD","","","","","","","","","","","","","","","","","","","","","","","","","","","","","","","","","","","","","","","","","","","","","","","","","","","","","","","","","","","","","","","","","","",
"Finland","FIN","Proportion of people living below 50 percent of median income (%)","SI.DST.50MD","","","","","","","","","","","","","","","","","","","","","","","","","","","","4","","","","3.9","","","","3.1","","","","","5.8","","","6.2","6","5.9","6.5","6.8","6.7","7.1","7.2","6.7","6.4","6.7","6.7","6.5","6.5","6.9","6.8","7.2","6.6","6.7","6.3","7.4","","",
"Fiji","FJI","Proportion of people living below 50 percent of median income (%)","SI.DST.50MD","","","","","","","","","","","","","","","","","","","","","","","","","","","","","","","","","","","","","","","","","","","13.2","","","","","","11.7","","","","","9","","","","","","9.6","","","","","","",
"France","FRA","Proportion of people living below 50 percent of median income (%)","SI.DST.50MD","","","","","","","","","","","11.2","","","","","10.7","","","","11.3","","","","","11.4","","","","","","11","","","","","","12.3","12.1","11.6","11.6","11.6","11.5","10.4","8.9","8.8","8.6","9.3","9.2","9.8","11.1","10.3","9.9","10.1","9.8","10.1","10.8","10.4","10.1","10","11.6","11.1","12","12","11.9","","",
"Faroe Islands","FRO","Proportion of people living below 50 percent of median income (%)","SI.DST.50MD","","","","","","","","","","","","","","","","","","","","","","","","","","","","","","","","","","","","","","","","","","","","","","","","","","","","","","","","","","","","","","","","","","",
"Micronesia, Fed. Sts.","FSM","Proportion of people living below 50 percent of median income (%)","SI.DST.50MD","","","","","","","","","","","","","","","","","","","","","","","","","","","","","","","","","","","","","","","","","","","","","","18.5","","","","","","","","16","","","","","","","","","","","","",
"Gabon","GAB","Proportion of people living below 50 percent of median income (%)","SI.DST.50MD","","","","","","","","","","","","","","","","","","","","","","","","","","","","","","","","","","","","","","","","","","","","","","15.2","","","","","","","","","","","","15.7","","","","","","","","",
"United Kingdom","GBR","Proportion of people living below 50 percent of median income (%)","SI.DST.50MD","","","","","","","","","4.4","5.2","4.8","6.4","7.3","5.3","6.3","6.1","6","6","7","6","7","8.2","8.5","8.4","8.7","9","10.2","10.8","10.2","11.1","12.1","12.1","13.1","13.5","12.7","12.5","12.8","13","12.8","13.1","12.4","12.1","12","12","11.6","12.6","12.4","12.9","12.7","11.9","11.2","11.5","11.1","11.1","11.8","11.9","12.2","12.5","12.3","13","11.4","11.7","","","","",
"Georgia","GEO","Proportion of people living below 50 percent of median income (%)","SI.DST.50MD","","","","","","","","","","","","","","","","","","","","","","","","","","","","","","","","","","","","","16.8","19","17.7","18","17","15.3","14.7","15.4","15.7","15.5","14.8","15.3","15.9","15.1","17.2","16.9","16.8","15.6","15.1","13.4","14","14.9","14.6","13.8","14","13.5","13.9","14","12.3","",
"Ghana","GHA","Proportion of people living below 50 percent of median income (%)","SI.DST.50MD","","","","","","","","","","","","","","","","","","","","","","","","","","","","14.1","13.7","","","13.4","","","","","","","16.2","","","","","","","18","","","","","","","18.1","","","","20.6","","","","","","","","","",
"Gibraltar","GIB","Proportion of people living below 50 percent of median income (%)","SI.DST.50MD","","","","","","","","","","","","","","","","","","","","","","","","","","","","","","","","","","","","","","","","","","","","","","","","","","","","","","","","","","","","","","","","","","",
"Guinea","GIN","Proportion of people living below 50 percent of median income (%)","SI.DST.50MD","","","","","","","","","","","","","","","","","","","","","","","","","","","","","","","","26","","","17.1","","","","","","","","15.1","","","","","13.7","","","","","10.9","","","","","","9.7","","","","","","","",
"Gambia, The","GMB","Proportion of people living below 50 percent of median income (%)","SI.DST.50MD","","","","","","","","","","","","","","","","","","","","","","","","","","","","","","","","","","","","","","","19.4","","","","","17.4","","","","","","","15.2","","","","","10.2","","","","","12.8","","","","","",
"Guinea-Bissau","GNB","Proportion of people living below 50 percent of median income (%)","SI.DST.50MD","","","","","","","","","","","","","","","","","","","","","","","","","","","","","","","","27.7","","16.3","","","","","","","","","10.7","","","","","","","","17","","","","","","","","9.1","","","9.1","","","","",
"Equatorial Guinea","GNQ","Proportion of people living below 50 percent of median income (%)","SI.DST.50MD","","","","","","","","","","","","","","","","","","","","","","","","","","","","","","","","","","","","","","","","","","","","","","","","","","","","","","","","","","","","","","","14.7","","","",
"Greece","GRC","Proportion of people living below 50 percent of median income (%)","SI.DST.50MD","","","","","","","","","","","","","","","","","","","","","","","","","","","","","","","","","","","","15.7","","","","","14.9","","14.1","13.4","13.5","14.1","14.5","13.6","13","13.2","14.5","16.3","17.5","17.2","16.7","17.5","16.2","14.9","13.8","13.9","15","13.8","12.9","12.9","","",
"Grenada","GRD","Proportion of people living below 50 percent of median income (%)","SI.DST.50MD","","","","","","","","","","","","","","","","","","","","","","","","","","","","","","","","","","","","","","","","","","","","","","","","","","","","","","","","","","","14.3","","","","","","","",
"Greenland","GRL","Proportion of people living below 50 percent of median income (%)","SI.DST.50MD","","","","","","","","","","","","","","","","","","","","","","","","","","","","","","","","","","","","","","","","","","","","","","","","","","","","","","","","","","","","","","","","","","",
"Guatemala","GTM","Proportion of people living below 50 percent of median income (%)","SI.DST.50MD","","","","","","","","","","","","","","","","","","","","","","","","","","","25.5","","","27.8","","","","","","","","","23.8","","21.4","","","","","","24.5","","","","","","","","19.6","","","","","","","","","19.1","","",
"Guam","GUM","Proportion of people living below 50 percent of median income (%)","SI.DST.50MD","","","","","","","","","","","","","","","","","","","","","","","","","","","","","","","","","","","","","","","","","","","","","","","","","","","","","","","","","","","","","","","","","","",
"Guyana","GUY","Proportion of people living below 50 percent of median income (%)","SI.DST.50MD","","","","","","","","","","","","","","","","","","","","","","","","","","","","","","","","","19.6","","","","","","18","","","","","","","","","","","","","","","","","","","","","","","","","","","",
"High income","HIC","Proportion of people living below 50 percent of median income (%)","SI.DST.50MD","","","","","","","","","","","","","","","","","","","","","","","","","","","","","","","","","","","","","","","","","","","","","","","","","","","","","","","","","","","","","","","","","","",
"Hong Kong SAR, China","HKG","Proportion of people living below 50 percent of median income (%)","SI.DST.50MD","","","","","","","","","","","","","","","","","","","","","","","","","","","","","","","","","","","","","","","","","","","","","","","","","","","","","","","","","","","","","","","","","","",
"Honduras","HND","Proportion of people living below 50 percent of median income (%)","SI.DST.50MD","","","","","","","","","","","","","","","","","","","","","","","","","","","","","","25.5","25.8","22.1","20.8","20.9","23.2","23.8","25","23.3","27","26.2","","28","26.1","27.1","27.2","28.3","28.1","25","26","25","24.5","24.9","25.6","23.9","24.8","23.9","25.9","24.7","24.5","25.1","","","","23.6","23.4","",
"Heavily indebted poor countries (HIPC)","HPC","Proportion of people living below 50 percent of median income (%)","SI.DST.50MD","","","","","","","","","","","","","","","","","","","","","","","","","","","","","","","","","","","","","","","","","","","","","","","","","","","","","","","","","","","","","","","","","","",
"Croatia","HRV","Proportion of people living below 50 percent of median income (%)","SI.DST.50MD","","","","","","","","","","","","","","","","","","","","","","","","","","","","","6.4","","","","","","","","","","8.3","7.8","10.1","10.4","","","8","","","","9","13.7","13.9","14.4","14.5","13.7","13.7","13.9","14.1","13.2","11.5","11.4","11.6","11","11.5","12.1","","",
"Haiti","HTI","Proportion of people living below 50 percent of median income (%)","SI.DST.50MD","","","","","","","","","","","","","","","","","","","","","","","","","","","","","","","","","","","","","","","","","","24.2","","","","","","","","","","","18.3","","","","","","","","","","","","","",
"Hungary","HUN","Proportion of people living below 50 percent of median income (%)","SI.DST.50MD","","","","","","","","","","","","","","","","","","","","","","","","","","","","2.2","","3.2","","10.1","","4.7","11.8","","","","6.2","8.7","6.2","7","6.2","9.9","10.2","12.9","9.7","9.6","9.9","10.2","11.4","11.7","12.7","12.8","12.6","12.5","10.3","11.5","","","","","","","","",
"IBRD only","IBD","Proportion of people living below 50 percent of median income (%)","SI.DST.50MD","","","","","","","","","","","","","","","","","","","","","","","","","","","","","","","","","","","","","","","","","","","","","","","","","","","","","","","","","","","","","","","","","","",
"IDA & IBRD total","IBT","Proportion of people living below 50 percent of median income (%)","SI.DST.50MD","","","","","","","","","","","","","","","","","","","","","","","","","","","","","","","","","","","","","","","","","","","","","","","","","","","","","","","","","","","","","","","","","","",
"IDA total","IDA","Proportion of people living below 50 percent of median income (%)","SI.DST.50MD","","","","","","","","","","","","","","","","","","","","","","","","","","","","","","","","","","","","","","","","","","","","","","","","","","","","","","","","","","","","","","","","","","",
"IDA blend","IDB","Proportion of people living below 50 percent of median income (%)","SI.DST.50MD","","","","","","","","","","","","","","","","","","","","","","","","","","","","","","","","","","","","","","","","","","","","","","","","","","","","","","","","","","","","","","","","","","",
"Indonesia","IDN","Proportion of people living below 50 percent of median income (%)","SI.DST.50MD","","","","","","","","","","","","","","","","","","","","","","","","","8.6","","","5.5","","","5.2","","","5","","","5.9","","5","4.8","4.8","4.8","3.6","4.9","5.7","5.7","6.8","6.8","6.6","6.5","7.4","7.9","7.1","7.4","7.8","8.7","9.7","10.2","10.3","9.7","9.6","9.5","8.2","7.5","7","6.7",
"IDA only","IDX","Proportion of people living below 50 percent of median income (%)","SI.DST.50MD","","","","","","","","","","","","","","","","","","","","","","","","","","","","","","","","","","","","","","","","","","","","","","","","","","","","","","","","","","","","","","","","","","",
"Isle of Man","IMN","Proportion of people living below 50 percent of median income (%)","SI.DST.50MD","","","","","","","","","","","","","","","","","","","","","","","","","","","","","","","","","","","","","","","","","","","","","","","","","","","","","","","","","","","","","","","","","","",
"India","IND","Proportion of people living below 50 percent of median income (%)","SI.DST.50MD","","","","","","","","","","","","","","","","","","7.2","","","","","","6.5","","","","4.8","","","","","","3.6","","","","","","","","","","","3","","","","","3.3","","3.7","","","","","","","","","","","3.4","","","",
"Not classified","INX","Proportion of people living below 50 percent of median income (%)","SI.DST.50MD","","","","","","","","","","","","","","","","","","","","","","","","","","","","","","","","","","","","","","","","","","","","","","","","","","","","","","","","","","","","","","","","","","",
"Ireland","IRL","Proportion of people living below 50 percent of median income (%)","SI.DST.50MD","","","","","","","","","","","","","","","","","","","","","","","","","","","","13.8","","","","","","","12.5","11.7","12.2","","","","10.9","","11.4","11.3","12.1","9.9","9.5","8.5","8.8","10.3","10.6","11.5","11","11.4","9.4","9.8","8.8","8.4","7.1","6.9","6.2","6.5","7","7.3","","",
"Iran, Islamic Rep.","IRN","Proportion of people living below 50 percent of median income (%)","SI.DST.50MD","","","","","","","","","","","","","","","","","","","","","","","","","","","20.5","","","","19","","","","18.1","","","","19.3","","","","","","","17.4","18.6","","","17.9","","12.1","11.2","10.5","11.8","11.6","11.6","12.6","12.4","13.1","12.7","13.1","12.5","12.6","","",
"Iraq","IRQ","Proportion of people living below 50 percent of median income (%)","SI.DST.50MD","","","","","","","","","","","","","","","","","","","","","","","","","","","","","","","","","","","","","","","","","","","","","","","5.9","","","","","","7.6","","","","","","","","","","","7.5","","",
"Iceland","ISL","Proportion of people living below 50 percent of median income (%)","SI.DST.50MD","","","","","","","","","","","","","","","","","","","","","","","","","","","","","","","","","","","","","","","","","","","","6.3","5.7","6.5","6.6","6.2","6.9","7","6.7","7.2","6.7","5.4","6.3","6.1","6.5","6.3","7.7","6.3","","","","","","",
"Israel","ISR","Proportion of people living below 50 percent of median income (%)","SI.DST.50MD","","","","","","","","","","","","","","","","","","","","14.7","","","","","","","15.5","","","","","","13.7","","","","","17.5","","","","18.3","19.7","20.7","22.5","21.8","22.2","22.4","21.5","23.4","23.1","21.8","21.9","20.2","21.2","20.6","21.1","20.4","20.4","20.5","20.1","19.5","21","","","",
"Italy","ITA","Proportion of people living below 50 percent of median income (%)","SI.DST.50MD","","","","","","","","","","","","","","","","","","12.8","12","12.7","9.9","10.3","9.7","10.5","10.9","","10.2","14","","11.7","","11.1","","16.1","","15.7","","","15.7","","15.1","","15.2","13.5","13.3","14.1","13.4","13.2","13.4","13.7","14.4","14.7","14.2","14.8","15.2","16.1","15.7","16","15.2","15","15.6","15.3","14.6","14.5","","",
"Jamaica","JAM","Proportion of people living below 50 percent of median income (%)","SI.DST.50MD","","","","","","","","","","","","","","","","","","","","","","","","","","","","","18.1","","13.5","","","14.8","","","12.7","","","15.3","","","17","","15.7","","","","","","","","","","","","","","11.9","","","17.2","","","","",
"Jordan","JOR","Proportion of people living below 50 percent of median income (%)","SI.DST.50MD","","","","","","","","","","","","","","","","","","","","","","","","","","","12.6","","","","","","15.3","","","","","10.6","","","","","10.5","","","","8.6","","6.8","","7.5","","","","","","","","","","","","","","","",
"Japan","JPN","Proportion of people living below 50 percent of median income (%)","SI.DST.50MD","","","","","","","","","","","","","","","","","","","","","","","","","","","","","","","","","","","","","","","","","","","","","","","","","15.4","13.3","12.1","13.2","12.3","12.8","10.7","11.3","12.5","11.7","14.2","13.3","13.4","","","","","",
"Kazakhstan","KAZ","Proportion of people living below 50 percent of median income (%)","SI.DST.50MD","","","","","","","","","","","","","","","","","","","","","","","","","","","","","","","","","","13.4","","","12.8","","","","","14.2","12","11.7","9.1","16.5","6.4","6.5","5.2","5.8","5.1","4.9","5.1","4.3","4.3","3.7","4.5","4","3.8","3.7","3.2","3.1","","","","",
"Kenya","KEN","Proportion of people living below 50 percent of median income (%)","SI.DST.50MD","","","","","","","","","","","","","","","","","","","","","","","","","","","","","","","","","21.6","","17.6","","","16.1","","","","","","","","16.9","","","","","","","","","","13.9","","","","","10.3","8.7","9.1","","","",
"Kyrgyz Republic","KGZ","Proportion of people living below 50 percent of median income (%)","SI.DST.50MD","","","","","","","","","","","","","","","","","","","","","","","","","","","","","","","","","","","","","","","21.4","","6.8","7.1","7.7","5.6","8.2","7.1","10.1","10.7","8.9","5.6","7.6","4.8","5.3","5.4","3.4","4.5","3.5","3.8","3.8","3.8","5","4.4","4","4","4.6","",
"Cambodia","KHM","Proportion of people living below 50 percent of median income (%)","SI.DST.50MD","","","","","","","","","","","","","","","","","","","","","","","","","","","","","","","","","","","","","","","","","","","","","","","","","","","","","","","","","","","","","","","","","","",
"Kiribati","KIR","Proportion of people living below 50 percent of median income (%)","SI.DST.50MD","","","","","","","","","","","","","","","","","","","","","","","","","","","","","","","","","","","","","","","","","","","","","","","14.1","","","","","","","","","","","","","5.7","","","","4.5","","",
"St. Kitts and Nevis","KNA","Proportion of people living below 50 percent of median income (%)","SI.DST.50MD","","","","","","","","","","","","","","","","","","","","","","","","","","","","","","","","","","","","","","","","","","","","","","","","","","","","","","","","","","","","","","","","","","",
"Korea, Rep.","KOR","Proportion of people living below 50 percent of median income (%)","SI.DST.50MD","","","","","","","","","","","","","","","","","","","","","","","","","","","","","","","","","","","","","","","","","","","","","","","12.8","","12.9","","12.3","","12.8","","12.3","","15.5","15.3","14.2","13.5","12.3","12.6","","","","",
"Kuwait","KWT","Proportion of people living below 50 percent of median income (%)","SI.DST.50MD","","","","","","","","","","","","","","","","","","","","","","","","","","","","","","","","","","","","","","","","","","","","","","","","","","","","","","","","","","","","","","","","","","",
"Latin America & Caribbean (excluding high income)","LAC","Proportion of people living below 50 percent of median income (%)","SI.DST.50MD","","","","","","","","","","","","","","","","","","","","","","","","","","","","","","","","","","","","","","","","","","","","","","","","","","","","","","","","","","","","","","","","","","",
"Lao PDR","LAO","Proportion of people living below 50 percent of median income (%)","SI.DST.50MD","","","","","","","","","","","","","","","","","","","","","","","","","","","","","","","","","7","","","","","7.3","","","","","6.5","","","","","7.4","","","","","9.7","","","","","","10.3","","","","","","8.1","",
"Lebanon","LBN","Proportion of people living below 50 percent of median income (%)","SI.DST.50MD","","","","","","","","","","","","","","","","","","","","","","","","","","","","","","","","","","","","","","","","","","","","","","","","","","","","10.6","","","","","","","","","","","15","","","",
"Liberia","LBR","Proportion of people living below 50 percent of median income (%)","SI.DST.50MD","","","","","","","","","","","","","","","","","","","","","","","","","","","","","","","","","","","","","","","","","","","","","","","","14.9","","","","","","","10.5","","12.3","","","","","","","","","",
"Libya","LBY","Proportion of people living below 50 percent of median income (%)","SI.DST.50MD","","","","","","","","","","","","","","","","","","","","","","","","","","","","","","","","","","","","","","","","","","","","","","","","","","","","","","","","","","","","","","","","","","",
"St. Lucia","LCA","Proportion of people living below 50 percent of median income (%)","SI.DST.50MD","","","","","","","","","","","","","","","","","","","","","","","","","","","","","","","","","","","","19","","","","","","","","","","","","","","","","","","","","13.9","","","","","","","","","","",
"Latin America & Caribbean","LCN","Proportion of people living below 50 percent of median income (%)","SI.DST.50MD","","","","","","","","","","","","","","","","","","","","","","","","","","","","","","","","","","","","","","","","","","","","","","","","","","","","","","","","","","","","","","","","","","",
"Least developed countries: UN classification","LDC","Proportion of people living below 50 percent of median income (%)","SI.DST.50MD","","","","","","","","","","","","","","","","","","","","","","","","","","","","","","","","","","","","","","","","","","","","","","","","","","","","","","","","","","","","","","","","","","",
"Low income","LIC","Proportion of people living below 50 percent of median income (%)","SI.DST.50MD","","","","","","","","","","","","","","","","","","","","","","","","","","","","","","","","","","","","","","","","","","","","","","","","","","","","","","","","","","","","","","","","","","",
"Liechtenstein","LIE","Proportion of people living below 50 percent of median income (%)","SI.DST.50MD","","","","","","","","","","","","","","","","","","","","","","","","","","","","","","","","","","","","","","","","","","","","","","","","","","","","","","","","","","","","","","","","","","",
"Sri Lanka","LKA","Proportion of people living below 50 percent of median income (%)","SI.DST.50MD","","","","","","","","","","","","","","","","","","","","","","","","","","9.3","","","","","5.9","","","","","6.9","","","","","","","9.3","","","","9.3","","","7.8","","","9.2","","","","9.8","","","9.4","","","","","","",
"Lower middle income","LMC","Proportion of people living below 50 percent of median income (%)","SI.DST.50MD","","","","","","","","","","","","","","","","","","","","","","","","","","","","","","","","","","","","","","","","","","","","","","","","","","","","","","","","","","","","","","","","","","",
"Low & middle income","LMY","Proportion of people living below 50 percent of median income (%)","SI.DST.50MD","","","","","","","","","","","","","","","","","","","","","","","","","","","","","","","","","","","","","","","","","","","","","","","","","","","","","","","","","","","","","","","","","","",
"Lesotho","LSO","Proportion of people living below 50 percent of median income (%)","SI.DST.50MD","","","","","","","","","","","","","","","","","","","","","","","","","","","25.9","","","","","","","","31","","","","","","","","24.5","","","","","","","","","","","","","","","21","","","","","","","","",
"Late-demographic dividend","LTE","Proportion of people living below 50 percent of median income (%)","SI.DST.50MD","","","","","","","","","","","","","","","","","","","","","","","","","","","","","","","","","","","","","","","","","","","","","","","","","","","","","","","","","","","","","","","","","","",
"Lithuania","LTU","Proportion of people living below 50 percent of median income (%)","SI.DST.50MD","","","","","","","","","","","","","","","","","","","","","","","","","","","","","","","","","","9.7","","","11.9","","11.4","10.8","11.5","11.1","11","12.2","16.1","14.4","11.9","13.1","13.6","16.1","15.5","13.9","14.1","13","15","14.7","15","13.5","13.2","12.1","10.4","11.3","11.5","13.3","","",
"Luxembourg","LUX","Proportion of people living below 50 percent of median income (%)","SI.DST.50MD","","","","","","","","","","","","","","","","","","","","","","","","","","6.6","6.9","8.3","7.2","6.2","6.4","6.8","5.8","5.4","7.9","8","9.2","8.8","10","10.2","9.7","9.2","8.3","9.7","10","9.9","10.4","10.3","10.8","11","9.8","12.7","12.1","12.7","11.1","12.1","11","13.3","14.3","12.8","14.2","12.7","16","14.4","","",
"Latvia","LVA","Proportion of people living below 50 percent of median income (%)","SI.DST.50MD","","","","","","","","","","","","","","","","","","","","","","","","","","","","","","","","","","5.9","","11.1","11.7","12.8","12.1","","","","12.6","11.2","12.6","14.1","11.1","13.9","15.1","15.5","16.1","14.6","14.3","13.8","13.3","11.7","12.5","12.8","11.9","11.9","12.2","12.3","12.3","12.3","","",
"Macao SAR, China","MAC","Proportion of people living below 50 percent of median income (%)","SI.DST.50MD","","","","","","","","","","","","","","","","","","","","","","","","","","","","","","","","","","","","","","","","","","","","","","","","","","","","","","","","","","","","","","","","","","",
"St. Martin (French part)","MAF","Proportion of people living below 50 percent of median income (%)","SI.DST.50MD","","","","","","","","","","","","","","","","","","","","","","","","","","","","","","","","","","","","","","","","","","","","","","","","","","","","","","","","","","","","","","","","","","",
"Morocco","MAR","Proportion of people living below 50 percent of median income (%)","SI.DST.50MD","","","","","","","","","","","","","","","","","","","","","","","","","14","","","","","","13.6","","","","","","","","13.2","","12.5","","","","","","11.9","","","","","","","11.7","","","","","","","","","","","","",
"Monaco","MCO","Proportion of people living below 50 percent of median income (%)","SI.DST.50MD","","","","","","","","","","","","","","","","","","","","","","","","","","","","","","","","","","","","","","","","","","","","","","","","","","","","","","","","","","","","","","","","","","",
"Moldova","MDA","Proportion of people living below 50 percent of median income (%)","SI.DST.50MD","","","","","","","","","","","","","","","","","","","","","","","","","","","","","","","","","","","","","","13.3","15.3","13.9","13","12.8","13.5","10.3","11.9","12.5","12.9","11.9","12.2","12","9.8","8.5","7.5","6.8","4.7","5.2","4.2","4.5","3.8","4.5","3.7","4.3","3.5","4.3","","",
"Madagascar","MDG","Proportion of people living below 50 percent of median income (%)","SI.DST.50MD","","","","","","","","","","","","","","","","","","","","","19.2","","","","","","","","","","","","","15","","","","15.7","","14.9","","17.5","","","","11","","","","","13","","14.4","","","","","","","","","11.1","","","","",
"Maldives","MDV","Proportion of people living below 50 percent of median income (%)","SI.DST.50MD","","","","","","","","","","","","","","","","","","","","","","","","","","","","","","","","","","","","","","","","","","","10","","","","","","","14.6","","","","","","","9.7","","","7.5","","","","","","",
"Middle East, North Africa, Afghanistan & Pakistan","MEA","Proportion of people living below 50 percent of median income (%)","SI.DST.50MD","","","","","","","","","","","","","","","","","","","","","","","","","","","","","","","","","","","","","","","","","","","","","","","","","","","","","","","","","","","","","","","","","","",
"Mexico","MEX","Proportion of people living below 50 percent of median income (%)","SI.DST.50MD","","","","","","","","","","","","","","","","","","","","","","","","","18.4","","","","","18.6","","","19.3","","21.5","","20.6","","23.4","","21.9","","20.5","","19.1","20.4","19.1","","21.2","","18.4","","18.5","","16.8","","16.5","","16","","16.1","","15.3","","15.7","",
"Marshall Islands","MHL","Proportion of people living below 50 percent of median income (%)","SI.DST.50MD","","","","","","","","","","","","","","","","","","","","","","","","","","","","","","","","","","","","","","","","","","","","","","","","","","","","","","","","","","","","11.3","","","","","","",
"Middle income","MIC","Proportion of people living below 50 percent of median income (%)","SI.DST.50MD","","","","","","","","","","","","","","","","","","","","","","","","","","","","","","","","","","","","","","","","","","","","","","","","","","","","","","","","","","","","","","","","","","",
"North Macedonia","MKD","Proportion of people living below 50 percent of median income (%)","SI.DST.50MD","","","","","","","","","","","","","","","","","","","","","","","","","","","","","","","","","","","","","","","10.8","","16.8","","16.5","16.5","16.9","17.3","18.1","","16.7","21.7","22.3","20.6","20.1","18.2","17.2","17.1","18.8","17.7","17.4","18.4","","","","","","",
"Mali","MLI","Proportion of people living below 50 percent of median income (%)","SI.DST.50MD","","","","","","","","","","","","","","","","","","","","","","","","","","","","","","","","","","","16","","","","","","","13.4","","","","","12.9","","","8.8","","","","","","","","","9","","","9.4","","","","",
"Malta","MLT","Proportion of people living below 50 percent of median income (%)","SI.DST.50MD","","","","","","","","","","","","","","","","","","","","","","","","","","","","","","","","","","","","","","","","","","","","","","","9.6","10.3","10.1","10.3","10","9.8","10.6","9.7","9.5","8.9","10","9.4","9.7","9.6","9.9","7.8","11.3","10.4","","",
"Myanmar","MMR","Proportion of people living below 50 percent of median income (%)","SI.DST.50MD","","","","","","","","","","","","","","","","","","","","","","","","","","","","","","","","","","","","","","","","","","","","","","","","","","","","","","","","9","","6.7","","","","","","","","",
"Middle East, North Africa, Afghanistan & Pakistan (excluding high income)","MNA","Proportion of people living below 50 percent of median income (%)","SI.DST.50MD","","","","","","","","","","","","","","","","","","","","","","","","","","","","","","","","","","","","","","","","","","","","","","","","","","","","","","","","","","","","","","","","","","",
"Montenegro","MNE","Proportion of people living below 50 percent of median income (%)","SI.DST.50MD","","","","","","","","","","","","","","","","","","","","","","","","","","","","","","","","","","","","","","","","","","","","","","8.7","9.1","10.4","8.8","8.5","10.3","9.9","22.7","19.9","21.3","20.5","18.9","18.9","19.9","17.4","16.6","15.9","","","","",
"Mongolia","MNG","Proportion of people living below 50 percent of median income (%)","SI.DST.50MD","","","","","","","","","","","","","","","","","","","","","","","","","","","","","","","","","","","","13.9","","","13.1","","","","12.4","","","","","12.1","","","10.7","9.7","11","","9.8","","10.2","","9.8","","","","9.7","","","",
"Northern Mariana Islands","MNP","Proportion of people living below 50 percent of median income (%)","SI.DST.50MD","","","","","","","","","","","","","","","","","","","","","","","","","","","","","","","","","","","","","","","","","","","","","","","","","","","","","","","","","","","","","","","","","","",
"Mozambique","MOZ","Proportion of people living below 50 percent of median income (%)","SI.DST.50MD","","","","","","","","","","","","","","","","","","","","","","","","","","","","","","","","","","","","","18.1","","","","","","14","","","","","","16.2","","","","","","17","","","","","17.7","","","17","","","",
"Mauritania","MRT","Proportion of people living below 50 percent of median income (%)","SI.DST.50MD","","","","","","","","","","","","","","","","","","","","","","","","","","","","22.1","","","","","","14.1","","14.2","","","","","16","","","","12.4","","","","14.9","","","","","","12.1","","","","","10.6","","","","","","",
"Mauritius","MUS","Proportion of people living below 50 percent of median income (%)","SI.DST.50MD","","","","","","","","","","","","","","","","","","","","","","","","","","","","","","","","","","","","","","","","","","","","","","","9.7","","","","","","10.7","","","","","10.9","","","","","","","","",
"Malawi","MWI","Proportion of people living below 50 percent of median income (%)","SI.DST.50MD","","","","","","","","","","","","","","","","","","","","","","","","","","","","","","","","","","","","","","9.8","","","","","","","10.3","","","","","","15","","","","","","9.4","","","11.1","","","","","","",
"Malaysia","MYS","Proportion of people living below 50 percent of median income (%)","SI.DST.50MD","","","","","","","","","","","","","","","","","","","","","","","","","20.2","","","19.5","","18.6","","","20.4","","","20.8","","21.1","","","","","","20","","","19","","20.1","","","18.5","","15.9","","16.4","","","17","","","16.5","","","","",
"North America","NAC","Proportion of people living below 50 percent of median income (%)","SI.DST.50MD","","","","","","","","","","","","","","","","","","","","","","","","","","","","","","","","","","","","","","","","","","","","","","","","","","","","","","","","","","","","","","","","","","",
"Namibia","NAM","Proportion of people living below 50 percent of median income (%)","SI.DST.50MD","","","","","","","","","","","","","","","","","","","","","","","","","","","","","","","","","","28.6","","","","","","","","","","17.6","","","","","","18","","","","","","24","","","","","","","","","","",
"New Caledonia","NCL","Proportion of people living below 50 percent of median income (%)","SI.DST.50MD","","","","","","","","","","","","","","","","","","","","","","","","","","","","","","","","","","","","","","","","","","","","","","","","","","","","","","","","","","","","","","","","","","",
"Niger","NER","Proportion of people living below 50 percent of median income (%)","SI.DST.50MD","","","","","","","","","","","","","","","","","","","","","","","","","","","","","","","","","11.1","","15.3","","","","","","","","","","","13.2","","7.2","","","","5.7","","","8.8","","","","7.9","","","4.9","","","","",
"Nigeria","NGA","Proportion of people living below 50 percent of median income (%)","SI.DST.50MD","","","","","","","","","","","","","","","","","","","","","","","","","","17.9","","","","","","","22.8","","","","22.1","","","","","","","17.4","","","","","","","12.7","","12.7","","","13","","","13.2","","","","11.3","","","",
"Nicaragua","NIC","Proportion of people living below 50 percent of median income (%)","SI.DST.50MD","","","","","","","","","","","","","","","","","","","","","","","","","","","","","","","","","","26","","","","","22.2","","","19","","","","17.1","","","","16.6","","","","","18.3","","","","","","","","","","","",
"Netherlands","NLD","Proportion of people living below 50 percent of median income (%)","SI.DST.50MD","","","","","","","","","","","","","","","","","","","","","","","","6.2","","","","4.8","","","6.9","","","8.6","","","","","","6.1","","","","","8.6","7.8","7.8","7.7","8.4","8","8.5","7.4","7.9","8.2","7.9","7.9","8.5","7.8","8.1","8.7","8","7.9","","","","",
"Norway","NOR","Proportion of people living below 50 percent of median income (%)","SI.DST.50MD","","","","","","","","","","","","","","","","","","","","5.7","","","","","","","4.4","","","","","4.8","","","","5.5","","","","","4.9","","","5.8","5.9","6.3","8","6.8","7.2","7.1","7.1","6.9","7.1","7.1","7.6","8","9.2","8.2","8","8.3","8.7","8.2","7.2","7.6","","",
"Nepal","NPL","Proportion of people living below 50 percent of median income (%)","SI.DST.50MD","","","","","","","","","","","","","","","","","","","","","","","","","5.9","","","","","","","","","","","9.1","","","","","","","","10.2","","","","","","","7.2","","","","","","","","","","","","7.9","","","",
"Naoero","NRU","Proportion of people living below 50 percent of median income (%)","SI.DST.50MD","","","","","","","","","","","","","","","","","","","","","","","","","","","","","","","","","","","","","","","","","","","","","","","","","","","","","10.3","","","","","","","","","","","","","",
"New Zealand","NZL","Proportion of people living below 50 percent of median income (%)","SI.DST.50MD","","","","","","","","","","","","","","","","","","","","","","","","","","","","","","","","","","","","","","","","","","","","","","","","","","","","","","","","","","","","","","","","","","",
"OECD members","OED","Proportion of people living below 50 percent of median income (%)","SI.DST.50MD","","","","","","","","","","","","","","","","","","","","","","","","","","","","","","","","","","","","","","","","","","","","","","","","","","","","","","","","","","","","","","","","","","",
"Oman","OMN","Proportion of people living below 50 percent of median income (%)","SI.DST.50MD","","","","","","","","","","","","","","","","","","","","","","","","","","","","","","","","","","","","","","","","","","","","","","","","","","","","","","","","","","","","","","","","","","",
"Other small states","OSS","Proportion of people living below 50 percent of median income (%)","SI.DST.50MD","","","","","","","","","","","","","","","","","","","","","","","","","","","","","","","","","","","","","","","","","","","","","","","","","","","","","","","","","","","","","","","","","","",
"Pakistan","PAK","Proportion of people living below 50 percent of median income (%)","SI.DST.50MD","","","","","","","","","","","","","","","","","","","","","","","","","","","","7.5","","","9.3","","","","","","3","","5.5","","","3.5","","","4.5","3.6","","3.1","","","3","3.1","","4.1","","3.8","","","3.4","","","","","","7.6","",
"Panama","PAN","Proportion of people living below 50 percent of median income (%)","SI.DST.50MD","","","","","","","","","","","","","","","","","","","","23.7","","","","","","","","","","30.2","","28.7","","","","28.3","","26.8","26.8","26","26.5","27.6","26.5","25.6","25.9","25.2","25.5","25","23.3","23.2","23.2","22.8","23","23.9","23.1","22.6","22.9","23.5","22.3","22.8","","21.4","","22","23.2","",
"Peru","PER","Proportion of people living below 50 percent of median income (%)","SI.DST.50MD","","","","","","","","","","","","","","","","","","","","","","","","","","18.1","","","","","","","","","20.4","","","25.4","24","23.7","24.2","23.8","24.2","22.8","23.9","24","24.3","24.6","23.3","22.3","21.6","21.7","21.5","20.9","20.5","19.5","20.6","20","19.3","18.7","19.6","15.9","16.4","17.2","17","",
"Philippines","PHL","Proportion of people living below 50 percent of median income (%)","SI.DST.50MD","","","","","","","","","","","","","","","","","","","","","","","","","","14.1","","","11.8","","","15.8","","","15.9","","","15.8","","","16.5","","","16.5","","","17.2","","","15.6","","","16.2","","","14.7","","","13","","","11.7","","10.6","","",
"Palau","PLW","Proportion of people living below 50 percent of median income (%)","SI.DST.50MD","","","","","","","","","","","","","","","","","","","","","","","","","","","","","","","","","","","","","","","","","","","","","","","","","","","","","","","","","","","","","","","","","","",
"Papua New Guinea","PNG","Proportion of people living below 50 percent of median income (%)","SI.DST.50MD","","","","","","","","","","","","","","","","","","","","","","","","","","","","","","","","","","","","","18.9","","","","","","","","","","","","","19.6","","","","","","","","","","","","","","","","",
"Poland","POL","Proportion of people living below 50 percent of median income (%)","SI.DST.50MD","","","","","","","","","","","","","","","","","","","","","","","","","","7.2","10.2","7.3","","8.8","","","8.4","8.7","","13.8","9.6","","9.1","12.1","10.4","10.4","10.9","12.1","17","15.4","14","12.9","12.4","12.9","12.4","13","13.3","13.5","13.3","12.9","9.9","9.3","9.5","8.8","9.2","8.7","8.8","8.8","","",
"Pre-demographic dividend","PRE","Proportion of people living below 50 percent of median income (%)","SI.DST.50MD","","","","","","","","","","","","","","","","","","","","","","","","","","","","","","","","","","","","","","","","","","","","","","","","","","","","","","","","","","","","","","","","","","",
"Puerto Rico (US)","PRI","Proportion of people living below 50 percent of median income (%)","SI.DST.50MD","","","","","","","","","","","","","","","","","","","","","","","","","","","","","","","","","","","","","","","","","","","","","","","","","","","","","","","","","","","","","","","","","","",
"Korea, Dem. People's Rep.","PRK","Proportion of people living below 50 percent of median income (%)","SI.DST.50MD","","","","","","","","","","","","","","","","","","","","","","","","","","","","","","","","","","","","","","","","","","","","","","","","","","","","","","","","","","","","","","","","","","",
"Portugal","PRT","Proportion of people living below 50 percent of median income (%)","SI.DST.50MD","","","","","","","","","","","","","","","","","","","","","","","","","","","","","","","","","","","","","","","","","","","","13.6","12.8","11.5","11.5","12.2","11.9","12.2","11.9","11.7","13.6","14.4","14.2","13.2","12.5","11","11.5","11.2","12.3","10.6","11.7","11","","",
"Paraguay","PRY","Proportion of people living below 50 percent of median income (%)","SI.DST.50MD","","","","","","","","","","","","","","","","","","","","","","","","","","","","","","","15.3","","","","","26.2","","27.7","","23.6","","24.4","23.8","21.6","19.5","19.8","21.7","20.6","20.2","22","21.5","22.7","21.1","19.9","19.8","20.2","19.1","18","18.2","18.6","18.6","17.1","17.8","17.4","16.3","",
"West Bank and Gaza","PSE","Proportion of people living below 50 percent of median income (%)","SI.DST.50MD","","","","","","","","","","","","","","","","","","","","","","","","","","","","","","","","","","","","","","","","","","","","","10.4","11.7","10","11.3","","9.6","10.2","9.8","","","","","12.8","","","","","","","14.7","","",
"Pacific island small states","PSS","Proportion of people living below 50 percent of median income (%)","SI.DST.50MD","","","","","","","","","","","","","","","","","","","","","","","","","","","","","","","","","","","","","","","","","","","","","","","","","","","","","","","","","","","","","","","","","","",
"Post-demographic dividend","PST","Proportion of people living below 50 percent of median income (%)","SI.DST.50MD","","","","","","","","","","","","","","","","","","","","","","","","","","","","","","","","","","","","","","","","","","","","","","","","","","","","","","","","","","","","","","","","","","",
"French Polynesia","PYF","Proportion of people living below 50 percent of median income (%)","SI.DST.50MD","","","","","","","","","","","","","","","","","","","","","","","","","","","","","","","","","","","","","","","","","","","","","","","","","","","","","","","","","","","","","","","","","","",
"Qatar","QAT","Proportion of people living below 50 percent of median income (%)","SI.DST.50MD","","","","","","","","","","","","","","","","","","","","","","","","","","","","","","","","","","","","","","","","","","","","","","","","","","","","","","","","","","16.5","","","","","","","","",
"Romania","ROU","Proportion of people living below 50 percent of median income (%)","SI.DST.50MD","","","","","","","","","","","","","","","","","","","","","","","","","","","","","","7.6","","","9.3","","9.3","11.2","","10.2","11","9.5","9.6","10.1","10.6","9.7","10.7","9.8","20.1","18.4","17","16.8","17.9","18.2","19","20.9","21.3","20.5","18.8","19.2","18.1","18","18","17","17.6","14.7","","",
"Russian Federation","RUS","Proportion of people living below 50 percent of median income (%)","SI.DST.50MD","","","","","","","","","","","","","","","","","","","","","","","","","","","","","","","","","","20.6","","","20.8","15.1","15.5","15.6","15.1","14","13.4","15","15.4","15.2","15.5","15.1","14","13.3","13.2","12.9","12.7","12.5","15.5","15.9","15.4","14.7","14.4","14","11.6","13","11","10.8","","",
"Rwanda","RWA","Proportion of people living below 50 percent of median income (%)","SI.DST.50MD","","","","","","","","","","","","","","","","","","","","","","","","","","","","","","","","","","","","","","","","","14.1","","","","","16","","","","","12.4","","","12.2","","","12.5","","","","","","","8.1","","",
"South Asia","SAS","Proportion of people living below 50 percent of median income (%)","SI.DST.50MD","","","","","","","","","","","","","","","","","","","","","","","","","","","","","","","","","","","","","","","","","","","","","","","","","","","","","","","","","","","","","","","","","","",
"Saudi Arabia","SAU","Proportion of people living below 50 percent of median income (%)","SI.DST.50MD","","","","","","","","","","","","","","","","","","","","","","","","","","","","","","","","","","","","","","","","","","","","","","","","","","","","","","","","","","","","","","","","","","",
"Sudan","SDN","Proportion of people living below 50 percent of median income (%)","SI.DST.50MD","","","","","","","","","","","","","","","","","","","","","","","","","","","","","","","","","","","","","","","","","","","","","","","","","","13.7","","","","","9.7","","","","","","","","","","","",
"Senegal","SEN","Proportion of people living below 50 percent of median income (%)","SI.DST.50MD","","","","","","","","","","","","","","","","","","","","","","","","","","","","","","","","23.4","","","13.3","","","","","","","11.6","","","","14","","","","","","14.6","","","","","","","10.4","","","11.2","","","","",
"Singapore","SGP","Proportion of people living below 50 percent of median income (%)","SI.DST.50MD","","","","","","","","","","","","","","","","","","","","","","","","","","","","","","","","","","","","","","","","","","","","","","","","","","","","","","","","","","","","","","","","","","",
"Solomon Islands","SLB","Proportion of people living below 50 percent of median income (%)","SI.DST.50MD","","","","","","","","","","","","","","","","","","","","","","","","","","","","","","","","","","","","","","","","","","","","","","17.3","","","","","","","11.8","","","","","","","","","","","","","",
"Sierra Leone","SLE","Proportion of people living below 50 percent of median income (%)","SI.DST.50MD","","","","","","","","","","","","","","","","","","","","","","","","","","","","","","","","","","","","","","","","","","","","11.5","","","","","","","","8.2","","","","","","","7.5","","","","","","","",
"El Salvador","SLV","Proportion of people living below 50 percent of median income (%)","SI.DST.50MD","","","","","","","","","","","","","","","","","","","","","","","","","","","","","","25.5","","24.2","","","","21.1","22","","26.9","24.3","23.3","23.6","23.6","24.1","20.9","21.3","18.2","16.2","18.6","18.5","18.3","15.9","15.7","16.3","15.6","14.4","16.3","14.5","15.3","14.6","","17","16.9","16.2","","",
"San Marino","SMR","Proportion of people living below 50 percent of median income (%)","SI.DST.50MD","","","","","","","","","","","","","","","","","","","","","","","","","","","","","","","","","","","","","","","","","","","","","","","","","","","","","","","","","","","","","","","","","","",
"Somalia, Fed. Rep.","SOM","Proportion of people living below 50 percent of median income (%)","SI.DST.50MD","","","","","","","","","","","","","","","","","","","","","","","","","","","","","","","","","","","","","","","","","","","","","","","","","","","","","","","","","","","","","","","","","","",
"Serbia","SRB","Proportion of people living below 50 percent of median income (%)","SI.DST.50MD","","","","","","","","","","","","","","","","","","","","","","","","","","","","","","","","","","","","","","","","","","","9.8","10.3","11","13.1","8.5","8","6.9","7.8","8.6","","19.2","20","21.1","20.4","19.9","18.2","17","15.2","14.7","12.4","14","14.3","","",
"Sub-Saharan Africa (excluding high income)","SSA","Proportion of people living below 50 percent of median income (%)","SI.DST.50MD","","","","","","","","","","","","","","","","","","","","","","","","","","","","","","","","","","","","","","","","","","","","","","","","","","","","","","","","","","","","","","","","","","",
"South Sudan","SSD","Proportion of people living below 50 percent of median income (%)","SI.DST.50MD","","","","","","","","","","","","","","","","","","","","","","","","","","","","","","","","","","","","","","","","","","","","","","","","","","23.6","","","","","","","18.7","","","","","","","","","",
"Sub-Saharan Africa","SSF","Proportion of people living below 50 percent of median income (%)","SI.DST.50MD","","","","","","","","","","","","","","","","","","","","","","","","","","","","","","","","","","","","","","","","","","","","","","","","","","","","","","","","","","","","","","","","","","",
"Small states","SST","Proportion of people living below 50 percent of median income (%)","SI.DST.50MD","","","","","","","","","","","","","","","","","","","","","","","","","","","","","","","","","","","","","","","","","","","","","","","","","","","","","","","","","","","","","","","","","","",
"Sao Tome and Principe","STP","Proportion of people living below 50 percent of median income (%)","SI.DST.50MD","","","","","","","","","","","","","","","","","","","","","","","","","","","","","","","","","","","","","","","","","10.5","","","","","","","","","","8.5","","","","","","","12.9","","","","","","","","",
"Suriname","SUR","Proportion of people living below 50 percent of median income (%)","SI.DST.50MD","","","","","","","","","","","","","","","","","","","","","","","","","","","","","","","","","","","","","","","","","","","","","","","","","","","","","","","","","","","","","","","16.1","","","",
"Slovak Republic","SVK","Proportion of people living below 50 percent of median income (%)","SI.DST.50MD","","","","","","","","","","","","","","","","","","","","","","","","","","","","","","","","","3","","","","9.1","","","","","","","","10.6","8.7","8.1","7.9","8.2","9.5","9.8","9.9","10.1","10.6","10.9","10.6","9.2","8.6","9.3","8.8","10.2","9.9","10.8","10.6","","",
"Slovenia","SVN","Proportion of people living below 50 percent of median income (%)","SI.DST.50MD","","","","","","","","","","","","","","","","","","","","","","","","","","","","5.1","","","","","","6.3","","","","6.2","7.8","6","","","9.3","10.5","6.5","6.1","6","6.1","5.7","6.6","7.6","7.1","8.2","8.5","7.6","7.5","7","6.4","5.3","5.6","5.4","5.4","5.3","5.9","","",
"Sweden","SWE","Proportion of people living below 50 percent of median income (%)","SI.DST.50MD","","","","","","","","","","","","","","","","5.3","","","","","","6.5","","","","","","5.2","","","","","6.2","","","6.9","","","","","6","5.5","6.3","7.2","6.8","8.5","7.3","8.2","8.9","9.2","8.9","9.4","9.6","10.1","9.3","9.6","10.4","10.1","10.8","10.2","10.1","11.1","11.4","11","","",
"Eswatini","SWZ","Proportion of people living below 50 percent of median income (%)","SI.DST.50MD","","","","","","","","","","","","","","","","","","","","","","","","","","","","","","","","","","","25.7","","","","","","15.4","","","","","","","","","20.3","","","","","","","19.7","","","","","","","","","",
"Sint Maarten (Dutch part)","SXM","Proportion of people living below 50 percent of median income (%)","SI.DST.50MD","","","","","","","","","","","","","","","","","","","","","","","","","","","","","","","","","","","","","","","","","","","","","","","","","","","","","","","","","","","","","","","","","","",
"Seychelles","SYC","Proportion of people living below 50 percent of median income (%)","SI.DST.50MD","","","","","","","","","","","","","","","","","","","","","","","","","","","","","","","","","","","","","","","","14.7","","","","","","","16.1","","","","","","","12.6","","","","","14.3","","","","","","","",
"Syrian Arab Republic","SYR","Proportion of people living below 50 percent of median income (%)","SI.DST.50MD","","","","","","","","","","","","","","","","","","","","","","","","","","","","","","","","","","","","","8.8","","","","","","","10.1","","","16.3","","","15.5","","","","","","","","","","","","","7.9","","","",
"Turks and Caicos Islands","TCA","Proportion of people living below 50 percent of median income (%)","SI.DST.50MD","","","","","","","","","","","","","","","","","","","","","","","","","","","","","","","","","","","","","","","","","","","","","","","","","","","","","","","","","","","","","","","","","","",
"Chad","TCD","Proportion of people living below 50 percent of median income (%)","SI.DST.50MD","","","","","","","","","","","","","","","","","","","","","","","","","","","","","","","","","","","","","","","","","","","","13.2","","","","","","","","20.3","","","","","","","10.9","","","","14","","","",
"East Asia & Pacific (IDA & IBRD countries)","TEA","Proportion of people living below 50 percent of median income (%)","SI.DST.50MD","","","","","","","","","","","","","","","","","","","","","","","","","","","","","","","","","","","","","","","","","","","","","","","","","","","","","","","","","","","","","","","","","","",
"Europe & Central Asia (IDA & IBRD countries)","TEC","Proportion of people living below 50 percent of median income (%)","SI.DST.50MD","","","","","","","","","","","","","","","","","","","","","","","","","","","","","","","","","","","","","","","","","","","","","","","","","","","","","","","","","","","","","","","","","","",
"Togo","TGO","Proportion of people living below 50 percent of median income (%)","SI.DST.50MD","","","","","","","","","","","","","","","","","","","","","","","","","","","","","","","","","","","","","","","","","","","","","","","13.5","","","","","19.8","","","","18","","","15.8","","","13.2","","","","",
"Thailand","THA","Proportion of people living below 50 percent of median income (%)","SI.DST.50MD","","","","","","","","","","","","","","","","","","","","","","17.7","","","","","","","14","","11.4","","13.6","","12.1","","12.2","","12.2","13.4","12.2","","12.9","","13.7","","15","13.1","13.6","13.3","12.4","10.4","12.8","11.8","11.3","10","10.7","11","11.3","9.6","10.6","10","10.3","9.4","9.6","",
"Tajikistan","TJK","Proportion of people living below 50 percent of median income (%)","SI.DST.50MD","","","","","","","","","","","","","","","","","","","","","","","","","","","","","","","","","","","","","","","","9.5","","","","10.1","10.7","","","11","","9.2","","","","","","11.7","","","","","","12.1","13","14","13.4","",
"Turkmenistan","TKM","Proportion of people living below 50 percent of median income (%)","SI.DST.50MD","","","","","","","","","","","","","","","","","","","","","","","","","","","","","","","","","","","","","","","14.2","","","","","","","","","","","","","","","","","","","","","","","","","","","",
"Latin America & the Caribbean (IDA & IBRD countries)","TLA","Proportion of people living below 50 percent of median income (%)","SI.DST.50MD","","","","","","","","","","","","","","","","","","","","","","","","","","","","","","","","","","","","","","","","","","","","","","","","","","","","","","","","","","","","","","","","","","",
"Timor-Leste","TLS","Proportion of people living below 50 percent of median income (%)","SI.DST.50MD","","","","","","","","","","","","","","","","","","","","","","","","","","","","","","","","","","","","","","","","","","12.1","","","","","","5","","","","","","","5.4","","","","","","","","","","","",
"Middle East, North Africa, Afghanistan & Pakistan (IDA & IBRD)","TMN","Proportion of people living below 50 percent of median income (%)","SI.DST.50MD","","","","","","","","","","","","","","","","","","","","","","","","","","","","","","","","","","","","","","","","","","","","","","","","","","","","","","","","","","","","","","","","","","",
"Tonga","TON","Proportion of people living below 50 percent of median income (%)","SI.DST.50MD","","","","","","","","","","","","","","","","","","","","","","","","","","","","","","","","","","","","","","","","","15.8","","","","","","","","","13.8","","","","","","11.8","","","","","","5.8","","","","",
"South Asia (IDA & IBRD)","TSA","Proportion of people living below 50 percent of median income (%)","SI.DST.50MD","","","","","","","","","","","","","","","","","","","","","","","","","","","","","","","","","","","","","","","","","","","","","","","","","","","","","","","","","","","","","","","","","","",
"Sub-Saharan Africa (IDA & IBRD countries)","TSS","Proportion of people living below 50 percent of median income (%)","SI.DST.50MD","","","","","","","","","","","","","","","","","","","","","","","","","","","","","","","","","","","","","","","","","","","","","","","","","","","","","","","","","","","","","","","","","","",
"Trinidad and Tobago","TTO","Proportion of people living below 50 percent of median income (%)","SI.DST.50MD","","","","","","","","","","","","","","","","","","","","","","","","","","","","","20.8","","","","18.7","","","","","","","","","","","","","","","","","","","","","","","","","","","","","","","","","",
"Tunisia","TUN","Proportion of people living below 50 percent of median income (%)","SI.DST.50MD","","","","","","","","","","","","","","","","","","","","","","","","","","17.6","","","","","17.4","","","","","17.9","","","","","16.8","","","","","14.8","","","","","15","","","","","10.5","","","","","","10.8","","","","",
"Turkiye","TUR","Proportion of people living below 50 percent of median income (%)","SI.DST.50MD","","","","","","","","","","","","","","","","","","","","","","","","","","","","15.7","","","","","","","17.3","","","","","","","","17.1","16.9","19.4","18.5","17.8","17.5","17.6","16.9","16.4","16","16","16.3","15.7","15.6","16","17.4","17.4","17.5","17.3","17.8","16.6","16.3","","",
"Tuvalu","TUV","Proportion of people living below 50 percent of median income (%)","SI.DST.50MD","","","","","","","","","","","","","","","","","","","","","","","","","","","","","","","","","","","","","","","","","","","","","","","","","","","13.9","","","","","","","","","","","","","","","",
"Tanzania","TZA","Proportion of people living below 50 percent of median income (%)","SI.DST.50MD","","","","","","","","","","","","","","","","","","","","","","","","","","","","","","","","12.1","","","","","","","","","12.4","","","","","","","13.2","","","","9","","","","","","","9.7","","","","","","","",
"Uganda","UGA","Proportion of people living below 50 percent of median income (%)","SI.DST.50MD","","","","","","","","","","","","","","","","","","","","","","","","","","","","","","20.1","","","13.9","","","","11.2","","","14.2","","","12.9","","","12.8","","","","12.7","","","12.2","","","","13.1","","","13.4","","","","","","",
"Ukraine","UKR","Proportion of people living below 50 percent of median income (%)","SI.DST.50MD","","","","","","","","","","","","","","","","","","","","","","","","","","","","","","","","","11.5","7.7","","16.1","12.3","","","9.2","","","7.7","6.8","8.5","8","7.8","6.3","6","5.1","4.4","4.6","4.2","4.6","4.2","5","5.3","5.9","5","6.1","5.1","","","","","",
"Upper middle income","UMC","Proportion of people living below 50 percent of median income (%)","SI.DST.50MD","","","","","","","","","","","","","","","","","","","","","","","","","","","","","","","","","","","","","","","","","","","","","","","","","","","","","","","","","","","","","","","","","","",
"Uruguay","URY","Proportion of people living below 50 percent of median income (%)","SI.DST.50MD","","","","","","","","","","","","","","","","","","","","","","","","","","","","","","","","","","","","","","","","","","","","","","","19.4","19.7","18.8","19.8","19","18.4","17.8","18.1","17.8","18.2","17.5","17.2","16.9","17.4","18","17.3","17.8","17.8","17.4","",
"United States","USA","Proportion of people living below 50 percent of median income (%)","SI.DST.50MD","","","","15.6","15.7","15.9","16.6","16.2","15.7","15.7","16.1","16.1","17","16.3","15.7","16.3","16","15.7","15.6","15.4","15.8","16.5","17.6","18.6","18.3","18.2","18.3","18.1","18.1","17.9","18.1","18.6","18.7","18.9","18.2","17.7","18","17.6","17.9","17.7","17.3","17.5","18.1","17.9","17.6","17.7","17.9","18.3","18.3","17.4","17.7","17.9","18.1","17.9","17","17.2","17.9","18.3","18.2","18.6","17","15.3","18.3","18.6","18.9","",
"Uzbekistan","UZB","Proportion of people living below 50 percent of median income (%)","SI.DST.50MD","","","","","","","","","","","","","","","","","","","","","","","","","","","","","","","","","","","","","","","20.9","","11.3","","7.9","10.5","","","","","","","","","","","","","","","","","","13.3","13.4","14.4","14.3","12.3",
"St. Vincent and the Grenadines","VCT","Proportion of people living below 50 percent of median income (%)","SI.DST.50MD","","","","","","","","","","","","","","","","","","","","","","","","","","","","","","","","","","","","","","","","","","","","","","","","","","","","","","","","","","","","","","","","","","",
"Venezuela, RB","VEN","Proportion of people living below 50 percent of median income (%)","SI.DST.50MD","","","","","","","","","","","","","","","","","","","","","","25.2","","","","","","24.9","","19.7","","","18.3","","","20.5","","","22.2","21.5","","20.7","22.1","22.4","22.3","23.1","19.9","","","","","","","","","","","","","","","","","","","",
"British Virgin Islands","VGB","Proportion of people living below 50 percent of median income (%)","SI.DST.50MD","","","","","","","","","","","","","","","","","","","","","","","","","","","","","","","","","","","","","","","","","","","","","","","","","","","","","","","","","","","","","","","","","","",
"Virgin Islands (U.S.)","VIR","Proportion of people living below 50 percent of median income (%)","SI.DST.50MD","","","","","","","","","","","","","","","","","","","","","","","","","","","","","","","","","","","","","","","","","","","","","","","","","","","","","","","","","","","","","","","","","","",
"Viet Nam","VNM","Proportion of people living below 50 percent of median income (%)","SI.DST.50MD","","","","","","","","","","","","","","","","","","","","","","","","","","","","","","","","","7.9","","","","","7.1","","","","","8","","10.5","","11.6","","10.8","","13.4","","12.8","","13","","13.4","","14","","14","","13.4","","","",
"Vanuatu","VUT","Proportion of people living below 50 percent of median income (%)","SI.DST.50MD","","","","","","","","","","","","","","","","","","","","","","","","","","","","","","","","","","","","","","","","","","","","","","","","","","","13.1","","","","","","","","","12.7","","","","","","",
"World","WLD","Proportion of people living below 50 percent of median income (%)","SI.DST.50MD","","","","","","","","","","","","","","","","","","","","","","","","","","","","","","","","","","","","","","","","","","","","","","","","","","","","","","","","","","","","","","","","","","",
"Samoa","WSM","Proportion of people living below 50 percent of median income (%)","SI.DST.50MD","","","","","","","","","","","","","","","","","","","","","","","","","","","","","","","","","","","","","","","","","","","13.2","","","","","","12.2","","","","","11.4","","","","","","","","","","","","",
"Kosovo","XKX","Proportion of people living below 50 percent of median income (%)","SI.DST.50MD","","","","","","","","","","","","","","","","","","","","","","","","","","","","","","","","","","","","","","","","","","","","6.7","","9.4","8.6","","","10.4","9.3","7.5","7.9","5.7","8.3","5.9","7","22.2","25.7","19.8","25.7","28.9","21.1","","","",
"Yemen, Rep.","YEM","Proportion of people living below 50 percent of median income (%)","SI.DST.50MD","","","","","","","","","","","","","","","","","","","","","","","","","","","","","","","","","","","","","","","12.8","","","","","","","9.2","","","","","","","","","10.6","","","","","","","","","","","",
"South Africa","ZAF","Proportion of people living below 50 percent of median income (%)","SI.DST.50MD","","","","","","","","","","","","","","","","","","","","","","","","","","","","","","","","","","25.4","","","","","","","25.4","","","","","20.3","","","23.1","","22.7","","","","22.3","","","","","","","","20.4","","","",
"Zambia","ZMB","Proportion of people living below 50 percent of median income (%)","SI.DST.50MD","","","","","","","","","","","","","","","","","","","","","","","","","","","","","","","","34.6","","25.7","","","20","","20.7","","","","13.2","","22","","22.3","","","","19.5","","","","","24.7","","","","","","","21.9","","","",
"Zimbabwe","ZWE","Proportion of people living below 50 percent of median income (%)","SI.DST.50MD","","","","","","","","","","","","","","","","","","","","","","","","","","","","","","","","","","","","","","","","","","","","","","","","","","","","16.6","","","","","","12.7","","16.6","","","","","","",
