Time Series Search Export,Search term,Search filters,,Last update of Residential property prices data,Downloaded at,Source,Source URL,Download URL,About Residential property prices
,,,,2026-08-27,2026-09-01 18:33 CEST,BIS,https://data.bis.org/topics/RPP/data?sort=_GLOBAL_REF_AREA_SORT-ASC&selected_ts=BIS%2CWS_SPP%2C1.0%255EQ.5R.R.628,https://data.bis.org/api/export-timeseries?sort=_GLOBAL_REF_AREA_SORT-ASC&selected_ts=BIS%2CWS_SPP%2C1.0%255EQ.5R.R.628&file_format=csv&format=long&split_frequencies=false&transposed=false&include=code%2Clabel,https://data.bis.org/topics/RPP

KEY:Timeseries Key,FREQ:Frequency,REF_AREA:Reference area,VALUE:Value,UNIT_MEASURE:Unit of measure,Unit,Unit multiplier,TIME_PERIOD:Period,OBS_CONF:Confidentiality,OBS_PRE_BREAK:Pre-break value,OBS_STATUS:Status,OBS_VALUE:Value
BIS:WS_SPP(1.0):Q.5R.R.628,Q:Quarterly,5R:Advanced economies,R:Real,"628:Index, 2010 = 100","Index, 2010 = 100",Units,2007-12-31,F:Free,,A:Normal value,113.1182
BIS:WS_SPP(1.0):Q.5R.R.628,Q:Quarterly,5R:Advanced economies,R:Real,"628:Index, 2010 = 100","Index, 2010 = 100",Units,2008-03-31,F:Free,,A:Normal value,111.03
BIS:WS_SPP(1.0):Q.5R.R.628,Q:Quarterly,5R:Advanced economies,R:Real,"628:Index, 2010 = 100","Index, 2010 = 100",Units,2008-06-30,F:Free,,A:Normal value,107.545
BIS:WS_SPP(1.0):Q.5R.R.628,Q:Quarterly,5R:Advanced economies,R:Real,"628:Index, 2010 = 100","Index, 2010 = 100",Units,2008-09-30,F:Free,,A:Normal value,104.461
BIS:WS_SPP(1.0):Q.5R.R.628,Q:Quarterly,5R:Advanced economies,R:Real,"628:Index, 2010 = 100","Index, 2010 = 100",Units,2008-12-31,F:Free,,A:Normal value,102.3223
BIS:WS_SPP(1.0):Q.5R.R.628,Q:Quarterly,5R:Advanced economies,R:Real,"628:Index, 2010 = 100","Index, 2010 = 100",Units,2009-03-31,F:Free,,A:Normal value,100.4953
BIS:WS_SPP(1.0):Q.5R.R.628,Q:Quarterly,5R:Advanced economies,R:Real,"628:Index, 2010 = 100","Index, 2010 = 100",Units,2009-06-30,F:Free,,A:Normal value,99.4628
BIS:WS_SPP(1.0):Q.5R.R.628,Q:Quarterly,5R:Advanced economies,R:Real,"628:Index, 2010 = 100","Index, 2010 = 100",Units,2009-09-30,F:Free,,A:Normal value,100.2198
BIS:WS_SPP(1.0):Q.5R.R.628,Q:Quarterly,5R:Advanced economies,R:Real,"628:Index, 2010 = 100","Index, 2010 = 100",Units,2009-12-31,F:Free,,A:Normal value,100.5747
BIS:WS_SPP(1.0):Q.5R.R.628,Q:Quarterly,5R:Advanced economies,R:Real,"628:Index, 2010 = 100","Index, 2010 = 100",Units,2010-03-31,F:Free,,A:Normal value,100.364
BIS:WS_SPP(1.0):Q.5R.R.628,Q:Quarterly,5R:Advanced economies,R:Real,"628:Index, 2010 = 100","Index, 2010 = 100",Units,2010-06-30,F:Free,,A:Normal value,100.395
BIS:WS_SPP(1.0):Q.5R.R.628,Q:Quarterly,5R:Advanced economies,R:Real,"628:Index, 2010 = 100","Index, 2010 = 100",Units,2010-09-30,F:Free,,A:Normal value,100.022
BIS:WS_SPP(1.0):Q.5R.R.628,Q:Quarterly,5R:Advanced economies,R:Real,"628:Index, 2010 = 100","Index, 2010 = 100",Units,2010-12-31,F:Free,,A:Normal value,99.219
BIS:WS_SPP(1.0):Q.5R.R.628,Q:Quarterly,5R:Advanced economies,R:Real,"628:Index, 2010 = 100","Index, 2010 = 100",Units,2011-03-31,F:Free,,A:Normal value,97.9244
BIS:WS_SPP(1.0):Q.5R.R.628,Q:Quarterly,5R:Advanced economies,R:Real,"628:Index, 2010 = 100","Index, 2010 = 100",Units,2011-06-30,F:Free,,A:Normal value,97.1862
BIS:WS_SPP(1.0):Q.5R.R.628,Q:Quarterly,5R:Advanced economies,R:Real,"628:Index, 2010 = 100","Index, 2010 = 100",Units,2011-09-30,F:Free,,A:Normal value,97.4584
BIS:WS_SPP(1.0):Q.5R.R.628,Q:Quarterly,5R:Advanced economies,R:Real,"628:Index, 2010 = 100","Index, 2010 = 100",Units,2011-12-31,F:Free,,A:Normal value,96.4902
BIS:WS_SPP(1.0):Q.5R.R.628,Q:Quarterly,5R:Advanced economies,R:Real,"628:Index, 2010 = 100","Index, 2010 = 100",Units,2012-03-31,F:Free,,A:Normal value,96.3229
BIS:WS_SPP(1.0):Q.5R.R.628,Q:Quarterly,5R:Advanced economies,R:Real,"628:Index, 2010 = 100","Index, 2010 = 100",Units,2012-06-30,F:Free,,A:Normal value,96.5363
BIS:WS_SPP(1.0):Q.5R.R.628,Q:Quarterly,5R:Advanced economies,R:Real,"628:Index, 2010 = 100","Index, 2010 = 100",Units,2012-09-30,F:Free,,A:Normal value,97.1696
BIS:WS_SPP(1.0):Q.5R.R.628,Q:Quarterly,5R:Advanced economies,R:Real,"628:Index, 2010 = 100","Index, 2010 = 100",Units,2012-12-31,F:Free,,A:Normal value,97.4183
BIS:WS_SPP(1.0):Q.5R.R.628,Q:Quarterly,5R:Advanced economies,R:Real,"628:Index, 2010 = 100","Index, 2010 = 100",Units,2013-03-31,F:Free,,A:Normal value,97.8797
BIS:WS_SPP(1.0):Q.5R.R.628,Q:Quarterly,5R:Advanced economies,R:Real,"628:Index, 2010 = 100","Index, 2010 = 100",Units,2013-06-30,F:Free,,A:Normal value,98.7063
BIS:WS_SPP(1.0):Q.5R.R.628,Q:Quarterly,5R:Advanced economies,R:Real,"628:Index, 2010 = 100","Index, 2010 = 100",Units,2013-09-30,F:Free,,A:Normal value,99.9273
BIS:WS_SPP(1.0):Q.5R.R.628,Q:Quarterly,5R:Advanced economies,R:Real,"628:Index, 2010 = 100","Index, 2010 = 100",Units,2013-12-31,F:Free,,A:Normal value,100.4708
BIS:WS_SPP(1.0):Q.5R.R.628,Q:Quarterly,5R:Advanced economies,R:Real,"628:Index, 2010 = 100","Index, 2010 = 100",Units,2014-03-31,F:Free,,A:Normal value,101.056
BIS:WS_SPP(1.0):Q.5R.R.628,Q:Quarterly,5R:Advanced economies,R:Real,"628:Index, 2010 = 100","Index, 2010 = 100",Units,2014-06-30,F:Free,,A:Normal value,100.9175
BIS:WS_SPP(1.0):Q.5R.R.628,Q:Quarterly,5R:Advanced economies,R:Real,"628:Index, 2010 = 100","Index, 2010 = 100",Units,2014-09-30,F:Free,,A:Normal value,101.99
BIS:WS_SPP(1.0):Q.5R.R.628,Q:Quarterly,5R:Advanced economies,R:Real,"628:Index, 2010 = 100","Index, 2010 = 100",Units,2014-12-31,F:Free,,A:Normal value,102.8205
BIS:WS_SPP(1.0):Q.5R.R.628,Q:Quarterly,5R:Advanced economies,R:Real,"628:Index, 2010 = 100","Index, 2010 = 100",Units,2015-03-31,F:Free,,A:Normal value,104.4674
BIS:WS_SPP(1.0):Q.5R.R.628,Q:Quarterly,5R:Advanced economies,R:Real,"628:Index, 2010 = 100","Index, 2010 = 100",Units,2015-06-30,F:Free,,A:Normal value,104.6841
BIS:WS_SPP(1.0):Q.5R.R.628,Q:Quarterly,5R:Advanced economies,R:Real,"628:Index, 2010 = 100","Index, 2010 = 100",Units,2015-09-30,F:Free,,A:Normal value,106.1024
BIS:WS_SPP(1.0):Q.5R.R.628,Q:Quarterly,5R:Advanced economies,R:Real,"628:Index, 2010 = 100","Index, 2010 = 100",Units,2015-12-31,F:Free,,A:Normal value,107.0176
BIS:WS_SPP(1.0):Q.5R.R.628,Q:Quarterly,5R:Advanced economies,R:Real,"628:Index, 2010 = 100","Index, 2010 = 100",Units,2016-03-31,F:Free,,A:Normal value,108.6946
BIS:WS_SPP(1.0):Q.5R.R.628,Q:Quarterly,5R:Advanced economies,R:Real,"628:Index, 2010 = 100","Index, 2010 = 100",Units,2016-06-30,F:Free,,A:Normal value,109.1903
BIS:WS_SPP(1.0):Q.5R.R.628,Q:Quarterly,5R:Advanced economies,R:Real,"628:Index, 2010 = 100","Index, 2010 = 100",Units,2016-09-30,F:Free,,A:Normal value,110.4894
BIS:WS_SPP(1.0):Q.5R.R.628,Q:Quarterly,5R:Advanced economies,R:Real,"628:Index, 2010 = 100","Index, 2010 = 100",Units,2016-12-31,F:Free,,A:Normal value,111.0814
BIS:WS_SPP(1.0):Q.5R.R.628,Q:Quarterly,5R:Advanced economies,R:Real,"628:Index, 2010 = 100","Index, 2010 = 100",Units,2017-03-31,F:Free,,A:Normal value,112.3249
BIS:WS_SPP(1.0):Q.5R.R.628,Q:Quarterly,5R:Advanced economies,R:Real,"628:Index, 2010 = 100","Index, 2010 = 100",Units,2017-06-30,F:Free,,A:Normal value,113.0769
BIS:WS_SPP(1.0):Q.5R.R.628,Q:Quarterly,5R:Advanced economies,R:Real,"628:Index, 2010 = 100","Index, 2010 = 100",Units,2017-09-30,F:Free,,A:Normal value,114.3716
BIS:WS_SPP(1.0):Q.5R.R.628,Q:Quarterly,5R:Advanced economies,R:Real,"628:Index, 2010 = 100","Index, 2010 = 100",Units,2017-12-31,F:Free,,A:Normal value,114.7487
BIS:WS_SPP(1.0):Q.5R.R.628,Q:Quarterly,5R:Advanced economies,R:Real,"628:Index, 2010 = 100","Index, 2010 = 100",Units,2018-03-31,F:Free,,A:Normal value,115.8169
BIS:WS_SPP(1.0):Q.5R.R.628,Q:Quarterly,5R:Advanced economies,R:Real,"628:Index, 2010 = 100","Index, 2010 = 100",Units,2018-06-30,F:Free,,A:Normal value,115.9403
BIS:WS_SPP(1.0):Q.5R.R.628,Q:Quarterly,5R:Advanced economies,R:Real,"628:Index, 2010 = 100","Index, 2010 = 100",Units,2018-09-30,F:Free,,A:Normal value,116.7051
BIS:WS_SPP(1.0):Q.5R.R.628,Q:Quarterly,5R:Advanced economies,R:Real,"628:Index, 2010 = 100","Index, 2010 = 100",Units,2018-12-31,F:Free,,A:Normal value,117.0244
BIS:WS_SPP(1.0):Q.5R.R.628,Q:Quarterly,5R:Advanced economies,R:Real,"628:Index, 2010 = 100","Index, 2010 = 100",Units,2019-03-31,F:Free,,A:Normal value,117.867
BIS:WS_SPP(1.0):Q.5R.R.628,Q:Quarterly,5R:Advanced economies,R:Real,"628:Index, 2010 = 100","Index, 2010 = 100",Units,2019-06-30,F:Free,,A:Normal value,117.6585
BIS:WS_SPP(1.0):Q.5R.R.628,Q:Quarterly,5R:Advanced economies,R:Real,"628:Index, 2010 = 100","Index, 2010 = 100",Units,2019-09-30,F:Free,,A:Normal value,118.697
BIS:WS_SPP(1.0):Q.5R.R.628,Q:Quarterly,5R:Advanced economies,R:Real,"628:Index, 2010 = 100","Index, 2010 = 100",Units,2019-12-31,F:Free,,A:Normal value,119.4723
BIS:WS_SPP(1.0):Q.5R.R.628,Q:Quarterly,5R:Advanced economies,R:Real,"628:Index, 2010 = 100","Index, 2010 = 100",Units,2020-03-31,F:Free,,A:Normal value,120.9752
BIS:WS_SPP(1.0):Q.5R.R.628,Q:Quarterly,5R:Advanced economies,R:Real,"628:Index, 2010 = 100","Index, 2010 = 100",Units,2020-06-30,F:Free,,A:Normal value,122.1273
BIS:WS_SPP(1.0):Q.5R.R.628,Q:Quarterly,5R:Advanced economies,R:Real,"628:Index, 2010 = 100","Index, 2010 = 100",Units,2020-09-30,F:Free,,A:Normal value,124.1316
BIS:WS_SPP(1.0):Q.5R.R.628,Q:Quarterly,5R:Advanced economies,R:Real,"628:Index, 2010 = 100","Index, 2010 = 100",Units,2020-12-31,F:Free,,A:Normal value,127.1496
BIS:WS_SPP(1.0):Q.5R.R.628,Q:Quarterly,5R:Advanced economies,R:Real,"628:Index, 2010 = 100","Index, 2010 = 100",Units,2021-03-31,F:Free,,A:Normal value,129.4654
BIS:WS_SPP(1.0):Q.5R.R.628,Q:Quarterly,5R:Advanced economies,R:Real,"628:Index, 2010 = 100","Index, 2010 = 100",Units,2021-06-30,F:Free,,A:Normal value,132.0774
BIS:WS_SPP(1.0):Q.5R.R.628,Q:Quarterly,5R:Advanced economies,R:Real,"628:Index, 2010 = 100","Index, 2010 = 100",Units,2021-09-30,F:Free,,A:Normal value,135.2082
BIS:WS_SPP(1.0):Q.5R.R.628,Q:Quarterly,5R:Advanced economies,R:Real,"628:Index, 2010 = 100","Index, 2010 = 100",Units,2021-12-31,F:Free,,A:Normal value,136.7697
BIS:WS_SPP(1.0):Q.5R.R.628,Q:Quarterly,5R:Advanced economies,R:Real,"628:Index, 2010 = 100","Index, 2010 = 100",Units,2022-03-31,F:Free,,A:Normal value,138.7482
BIS:WS_SPP(1.0):Q.5R.R.628,Q:Quarterly,5R:Advanced economies,R:Real,"628:Index, 2010 = 100","Index, 2010 = 100",Units,2022-06-30,F:Free,,A:Normal value,137.6614
BIS:WS_SPP(1.0):Q.5R.R.628,Q:Quarterly,5R:Advanced economies,R:Real,"628:Index, 2010 = 100","Index, 2010 = 100",Units,2022-09-30,F:Free,,A:Normal value,135.6798
BIS:WS_SPP(1.0):Q.5R.R.628,Q:Quarterly,5R:Advanced economies,R:Real,"628:Index, 2010 = 100","Index, 2010 = 100",Units,2022-12-31,F:Free,,A:Normal value,132.8289
BIS:WS_SPP(1.0):Q.5R.R.628,Q:Quarterly,5R:Advanced economies,R:Real,"628:Index, 2010 = 100","Index, 2010 = 100",Units,2023-03-31,F:Free,,A:Normal value,131.9211
BIS:WS_SPP(1.0):Q.5R.R.628,Q:Quarterly,5R:Advanced economies,R:Real,"628:Index, 2010 = 100","Index, 2010 = 100",Units,2023-06-30,F:Free,,A:Normal value,131.1251
BIS:WS_SPP(1.0):Q.5R.R.628,Q:Quarterly,5R:Advanced economies,R:Real,"628:Index, 2010 = 100","Index, 2010 = 100",Units,2023-09-30,F:Free,,A:Normal value,131.3158
BIS:WS_SPP(1.0):Q.5R.R.628,Q:Quarterly,5R:Advanced economies,R:Real,"628:Index, 2010 = 100","Index, 2010 = 100",Units,2023-12-31,F:Free,,A:Normal value,130.8936
BIS:WS_SPP(1.0):Q.5R.R.628,Q:Quarterly,5R:Advanced economies,R:Real,"628:Index, 2010 = 100","Index, 2010 = 100",Units,2024-03-31,F:Free,,A:Normal value,131.066
BIS:WS_SPP(1.0):Q.5R.R.628,Q:Quarterly,5R:Advanced economies,R:Real,"628:Index, 2010 = 100","Index, 2010 = 100",Units,2024-06-30,F:Free,,A:Normal value,131.0034
BIS:WS_SPP(1.0):Q.5R.R.628,Q:Quarterly,5R:Advanced economies,R:Real,"628:Index, 2010 = 100","Index, 2010 = 100",Units,2024-09-30,F:Free,,A:Normal value,131.8237
BIS:WS_SPP(1.0):Q.5R.R.628,Q:Quarterly,5R:Advanced economies,R:Real,"628:Index, 2010 = 100","Index, 2010 = 100",Units,2024-12-31,F:Free,,A:Normal value,131.9816
BIS:WS_SPP(1.0):Q.5R.R.628,Q:Quarterly,5R:Advanced economies,R:Real,"628:Index, 2010 = 100","Index, 2010 = 100",Units,2025-03-31,F:Free,,A:Normal value,132.4377
BIS:WS_SPP(1.0):Q.5R.R.628,Q:Quarterly,5R:Advanced economies,R:Real,"628:Index, 2010 = 100","Index, 2010 = 100",Units,2025-06-30,F:Free,,A:Normal value,131.8566
BIS:WS_SPP(1.0):Q.5R.R.628,Q:Quarterly,5R:Advanced economies,R:Real,"628:Index, 2010 = 100","Index, 2010 = 100",Units,2025-09-30,F:Free,,A:Normal value,132.2772
BIS:WS_SPP(1.0):Q.5R.R.628,Q:Quarterly,5R:Advanced economies,R:Real,"628:Index, 2010 = 100","Index, 2010 = 100",Units,2025-12-31,F:Free,,A:Normal value,132.4739
BIS:WS_SPP(1.0):Q.5R.R.628,Q:Quarterly,5R:Advanced economies,R:Real,"628:Index, 2010 = 100","Index, 2010 = 100",Units,2026-03-31,F:Free,,A:Normal value,132.1468
